idx,band,song,url
0,afterglow,ON YOUR MARK,https://youtu.be/09B-WljIiTo
1,afterglow,That Is How I Roll!,https://youtu.be/_lfuqSepLNw
2,afterglow,SENSENFUKOKU,https://youtu.be/RDZUbagvt0E
3,afterglow,I knew it!,https://youtu.be/q-TEDPBUv7M
4,afterglow,ツナグ、ソラモヨウ,https://youtu.be/BnWyq8p7NzI
5,afterglow,Hey-day狂騒曲(カプリチオ),https://youtu.be/czHlLBls4oo
6,afterglow,"Easy come, Easy go!",https://youtu.be/erY4I7Irk0E
7,afterglow,Sasanqua,https://youtu.be/zB2aqNpT8ak
8,afterglow,RED RED RED,https://youtu.be/PEUtqZ_lQ4w
9,afterglow,ONE OF US,https://youtu.be/fwT9BgeiPNU
10,afterglow,Y.O.L.O!!!!!,https://youtu.be/NWTkdgPu9v8
11,afterglow,Scarlet Sky,https://youtu.be/tfZBC32tcwo
12,afterglow,Off we go.,https://youtu.be/bg2UuSTbyqk
13,afterglow,いつも通りのBrand new days,https://youtu.be/Ku2GV2VkQcA
14,afterglow,SWITCH ON NOW,https://youtu.be/jsPk4RqO3N8
15,afterglow,ランブリングメモリー,https://youtu.be/vRHfyDdge6s
16,afterglow,COMIC PANIC!!!,https://youtu.be/LhpHCRJAAKw
17,afterglow,Trouble Joyful!!,https://youtu.be/RepUyAXXlD8
18,afterglow,Jamboree!Journey!,https://youtu.be/UEBaKDkey40
19,afterglow,カナユメ,https://youtu.be/ZFXt0Ul0YA8
20,afterglow,独創収差,https://youtu.be/8rQjShGMPYs
21,afterglow,極彩色,https://youtu.be/YvpL2A3FZk4
22,afterglow,サクラゼンセン,https://youtu.be/RJ98HN9hl6I
23,afterglow,True color,https://youtu.be/zOTQpZkq_vk
24,afterglow,Crow Song (Cover),https://youtu.be/mpPPaC8vfsU
25,afterglow,カサブタ (Cover),https://youtu.be/-0QIHYtgwwQ
26,afterglow,アイのシナリオ (Cover),https://youtu.be/TFvTI-1uz7g
27,afterglow,Northern lights (Cover),https://youtu.be/qrbkufy83yY
28,afterglow,トーキョーワンダー。 (Cover),https://youtu.be/4vNlqraef0E
29,afterglow,Reach Out To The Truth (Cover),https://youtu.be/ufMWpo-RKpQ
30,afterglow,Listen!! (Cover),https://youtu.be/VDWm77vSOR8
31,afterglow,青い栞 (Cover),https://youtu.be/bzJW33heiqw
32,afterglow,イマジネーション (Cover),https://youtu.be/PDtPDiaQOK8
33,afterglow,Butter-Fly (Cover),https://youtu.be/GlylV3xII5k
34,afterglow,燦々,https://youtu.be/WnTBaFVyDyM
35,afterglow,That's why I'm here.,https://youtu.be/Q0l5OZb3Fr8
36,afterglow,IGNITE GLOW,https://youtu.be/bU3kvmPZFBg
37,afterglow,ペトリコール・オベーション,https://youtu.be/XUxFCXHCDkU
38,afterglow,Made My Day,https://youtu.be/YfS7jNzytUs
39,afterglow,Glowing After,https://youtu.be/N-kz_Kbq6rU
40,afterglow,A Sunset So Bright,https://youtu.be/gKHkLAXGVbE
41,afterglow,Start as Usual,https://youtu.be/sWjSEnBR4qE
42,afterglow,“Say cheese!!!!!”,https://youtu.be/RHGk1uT_yMc
43,afterglow,花笑みのデュオ,https://youtu.be/m6jnZ8qDw-E
44,afterglow,READY STEADY GO (Cover),https://youtu.be/pSdx__hacYc
45,afterglow,abnormalize (Cover),https://youtu.be/PORDvsXEOjA
46,afterglow,メンタルチェンソー (Cover),https://youtu.be/ujO1ibiy_SQ
47,afterglow,Bunny Girl (Cover),https://youtu.be/9zRb7Kd0mOw
48,afterglow,オレンジ (Cover),https://youtu.be/1xpUhlxXVfQ
49,afterglow,カゲロウデイズ (Cover),https://youtu.be/f2UtT521XMs
50,afterglow,DAY×DAY (Cover),https://youtu.be/kSVcNXz21RY
51,afterglow,ロキ (Cover),https://youtu.be/i-3KO5JZOoA
52,afterglow,CHAINSAW BLOOD (Cover),https://youtu.be/0vocZOBTZKs
53,afterglow,チルドレンレコード (Re:boot) (Cover),https://youtu.be/SVBJBQX3IsA
54,afterglow,青のすみか (Cover),https://youtu.be/agEZ5jPpldQ
55,afterglow,GO!!! (Cover),https://youtu.be/FDflFAr27rE
56,afterglow,天ノ弱 (Cover),https://youtu.be/Rs6BXRn3noE
57,afterglow,アスノヨゾラ哨戒班 (Cover),https://youtu.be/Tdr0apLRXd4
58,afterglow,瞬間センチメンタル (Cover),https://youtu.be/_DYh8jUgy-Y
59,afterglow,プライド革命 (Cover),https://youtu.be/zvvFpagDgeY
60,afterglow,命に嫌われている。 (Cover),https://youtu.be/03BGdH5H5xE
61,afterglow,Redo (Cover),https://youtu.be/Q5ld_AEJAWw
62,afterglow,インフェルノ (Cover),https://youtu.be/DOrx3z-Z86c
63,afterglow,ドラマツルギー (Cover),https://youtu.be/wFqN8fUMosg
64,afterglow,COLORS (Cover),https://youtu.be/nUw5V5zupYQ
65,afterglow,午夜の待ち合わせ (Cover),https://youtu.be/jUMn-Sg_nq8
66,afterglow,サムライハート（Some Like It Hot!!） (Cover),https://youtu.be/DPCDABZ5uvY
67,afterglow,ベノム (Cover),https://youtu.be/MfBRzH_Wva8
68,afterglow,Don't say “lazy” (Cover),https://youtu.be/PThqwHLyPpU
69,afterglow,Part of the Life,https://youtu.be/O3ZcEs4b-uw
70,afterglow,Punchline Halloween!!!,https://youtu.be/9o7t80l3ycg
71,afterglow,I love your way！,https://youtu.be/AXFAOTQ9oK8
72,ave_mujica,KiLLKiSS,https://youtu.be/RexyoaXaQ1o
73,ave_mujica,"Georgette Me, Georgette You",https://youtu.be/vKDa7yfpd2M
74,ave_mujica,Imprisoned XII,https://youtu.be/0YNMV7xljD4
75,ave_mujica,Crucifix X,https://youtu.be/XP8al1l38Po
76,ave_mujica,八芒星ダンス,https://youtu.be/tevtnb427Mw
77,ave_mujica,顔,https://youtu.be/cVfQBLdIUXk
78,ave_mujica,天球のMúsica,https://youtu.be/2Bo-ULStqLo
79,ave_mujica,黒のバースデイ,https://youtu.be/WIhtJ7eJ-oI
80,ave_mujica,ふたつの月 ~Deep Into The Forest~,https://youtu.be/6USzFX8HnSY
81,ave_mujica,Choir ‘S’ Choir,https://youtu.be/7llj4mh4L-8
82,ave_mujica,神さま、バカ,https://youtu.be/OT9KqYBAkQc
83,ave_mujica,Mas?uerade Rhapsody Re?uest,https://youtu.be/VLxM8q6PF4I
84,ave_mujica,Ave Mujica,https://youtu.be/QDsd0nyzwz0
85,ave_mujica,Symbol I : △,https://youtu.be/2O5C0mJx0Fs
86,ave_mujica,Symbol II : Air,https://youtu.be/pMk3iHPlUaI
87,ave_mujica,Symbol III : ▽,https://youtu.be/NB3PxWLn9v4
88,ave_mujica,Symbol IV : Earth,https://youtu.be/WqQPM0dZpXc
89,ave_mujica,Ether,https://youtu.be/z6k7YIIZ6Hk
90,ave_mujica,The Whole Blue World,https://youtu.be/lkS9XIzWObc
91,ave_mujica,in your blue eyes,https://youtu.be/kVMuEQ3uXWc
92,ave_mujica,素晴らしき世界 でも どこにもない場所,https://youtu.be/MyI6sKuV4kY
93,ave_mujica,Angles,https://youtu.be/au2A3wyiLIo
94,ave_mujica,DIVINE,https://youtu.be/6bA-vjvi9oI
95,ave_mujica,Sophie,https://youtu.be/ivXQ21xDHfE
96,ave_mujica,‘S/’ The Way,https://youtu.be/L0Ou9IfobFQ
97,ave_mujica,碧い瞳の中に,https://youtu.be/bLOb7kC9Jns
98,ave_mujica,堕天 (Cover),https://youtu.be/OLb0YQJfos0
99,ave_mujica,KINGS (Cover),https://youtu.be/NI1cd7_soy8
100,ave_mujica,暗黒天国 (Cover),https://youtu.be/HHxaj24Rx0I
101,various_artists,Don't be afraid!,https://youtu.be/hPnvMOyGgzc
102,various_artists,Glee! Glee! Glee!,https://youtu.be/8ciuJN6xTIo
103,various_artists,"Be shine, shining!",https://youtu.be/tv1Pf0FE6iw
104,various_artists,"Here, the world",https://youtu.be/LuwRRghPD1A
105,various_artists,CiRCLE THANKS MUSiC♪,https://youtu.be/P6o2SIJAxWw
106,hello_happy_world,キミがいなくちゃっ！,https://youtu.be/9itZp8utiAw
107,hello_happy_world,ハイファイブ∞あどべんちゃっ,https://youtu.be/_Smbu0U70Ko
108,hello_happy_world,スマイルブーケで た〜まや〜！,https://youtu.be/37b4LJg0yFk
109,hello_happy_world,えがお･シング･あ･ソング,https://youtu.be/B-I2KAxGKD8
110,hello_happy_world,YAPPY! SCHOOL CARNIVAL☆彡,https://youtu.be/xNA7DZfdstI
111,hello_happy_world,にこ×にこ=ハイパースマイルパワー！,https://youtu.be/YRQHVpYDHAU
112,hello_happy_world,ないすみちゅっ！,https://youtu.be/ByAniAhEdhk
113,hello_happy_world,ゴーカ！ごーかい！？ファントムシーフ！,https://youtu.be/35xJFtwHx7Q
114,hello_happy_world,うぃーきゃん☆フレフレっ！,https://youtu.be/VJDcALjsZ80
115,hello_happy_world,えがおのオーケストラっ！,https://youtu.be/24Xzx6dH5tg
116,hello_happy_world,にこにこねくと！,https://youtu.be/B0AssN_z5gU
117,hello_happy_world,ふぁいぶスマイル◯オールインっ！,https://youtu.be/fTgVisxMdOQ
118,hello_happy_world,せかいのっびのびトレジャー！,https://youtu.be/t-YRHYvIqEE
119,hello_happy_world,きらっ☆と キミフェス！,https://youtu.be/VRSbIOh8w3U
120,hello_happy_world,うちゃパ！で ぱっぴかポーんっ！,https://youtu.be/Ibs-CJd-qws
121,hello_happy_world,はれやか すこやか ぴかりんりん♪,https://youtu.be/hstT4_F2Hqg
122,hello_happy_world,ふわふわ☆ゆめいろサンドイッチ,https://youtu.be/pAB-NYhMXFc
123,hello_happy_world,Happy! Happier! Happiest!,https://youtu.be/xpECEzVaWH8
124,hello_happy_world,現るっ！大怪盗ハロハッピー！,https://youtu.be/sLn7oV54kYY
125,hello_happy_world,わちゃ・もちゃ・ぺったん行進曲,https://youtu.be/Qq1_N9wKA0I
126,hello_happy_world,おもいでイルミネーション,https://youtu.be/ZC84bEuG6AA
127,hello_happy_world,おもいやりハーモニー,https://youtu.be/tMlaNbpRmSE
128,hello_happy_world,ハピネスっ！ハピィーマジカルっ♪,https://youtu.be/wPDP9eT2-Cs
129,hello_happy_world,えがお、あーゆーれでぃ???,https://youtu.be/DAxR0sfi-pk
130,hello_happy_world,ハッピーサマーウェディング,https://youtu.be/SQrYhJ6x7kE
131,hello_happy_world,ひまわりの約束,https://youtu.be/WC3paFpeKTo
132,hello_happy_world,ハッピー☆マテリアル,https://youtu.be/YBNg45T7_2M
133,hello_happy_world,太陽曰く燃えよカオス,https://youtu.be/OHypaKK3Jww
134,hello_happy_world,エクストラ・マジック・アワー,https://youtu.be/kRQTnmIO5Jw
135,hello_happy_world,コレカラ,https://youtu.be/9DpyAgb_DO8
136,hello_happy_world,全力少年,https://youtu.be/-YBcjF1R-Es
137,hello_happy_world,オレンジ,https://youtu.be/YtgT2EaDZ0A
138,hello_happy_world,Happy Girl,https://youtu.be/AcAaiJqg8Ps
139,hello_happy_world,ン・パカマーチ,https://youtu.be/KazeDrpkrBY
140,hello_happy_world,サンバロハッピ〜！,https://youtu.be/RvtTwS_wErQ
141,hello_happy_world,ボクらの夏's☆ショーたいむっ！！,https://youtu.be/Wi9V_T-igiw
142,hello_happy_world,むすんでわらって,https://youtu.be/pdncPARjwrw
143,hello_happy_world,キミを れっつ・はぶ・ふぁん♪,https://youtu.be/2CnDHPhRVyQ
144,hello_happy_world,らいふ・いず・みゅーじかるっ♪♪♪,https://youtu.be/SnlhQO2t8Zo
145,hello_happy_world,れっつ・スマイル・すとり〜みんぐっ♪,https://youtu.be/5IcpLkGA54I
146,hello_happy_world,やっほー！いっぽ！わんだふぉー！,https://youtu.be/1rfk9_lj-iA
147,hello_happy_world,とーくとぅみー・とーくとぅゆー,https://youtu.be/7HxPLgP9AEo
148,hello_happy_world,ハイタッチ／＼びりーばーず☆,https://youtu.be/rCQsYw_x7Us
149,hello_happy_world,Listen to Smile!,https://youtu.be/5Bz8TBMardI
150,hello_happy_world,スマイリーキャロル,https://youtu.be/f5aGrmFiDGc
151,hello_happy_world,えがお、み〜っけた！,https://youtu.be/Gvey12GFPwU
152,hello_happy_world,上海ハニー (Cover),https://youtu.be/JbEmP03gUnE
153,hello_happy_world,シル・ヴ・プレジデント (Cover),https://youtu.be/pli3-yJjWJM
154,hello_happy_world,ヒャダインのじょーじょーゆーじょー (Cover),https://youtu.be/yfpbW_HnS4Y
155,hello_happy_world,はいよろこんで (Cover),https://youtu.be/BHC1CKcSf50
156,hello_happy_world,シカ色デイズ (Cover),https://youtu.be/KaD3F8riuLE
157,hello_happy_world,強風オールバック (Cover),https://youtu.be/EGxEKCHDAFE
158,hello_happy_world,最高到達点 (Cover),https://youtu.be/8AwnyCo2FF0
159,hello_happy_world,許婚っきゅん (Cover),https://youtu.be/X9VNpJdPGWE
160,hello_happy_world,新宝島 (Cover),https://youtu.be/61wi4lZdYWI
161,hello_happy_world,ドレミファロンド (Cover),https://youtu.be/IjlX1R75PRw
162,hello_happy_world,きゅうくらりん (Cover),https://youtu.be/2WVpP1DEQMk
163,hello_happy_world,ロメオ (Cover),https://youtu.be/MFrdfe1gA-s
164,hello_happy_world,エイリアンエイリアン (Cover),https://youtu.be/KzkHYPBh0lg
165,hello_happy_world,いーあるふぁんくらぶ (Cover),https://youtu.be/uchoxbR-Mkc
166,hello_happy_world,回レ！雪月花 (Cover),https://youtu.be/h_gwUH2JlIA
167,hello_happy_world,恋愛裁判 (Cover),https://youtu.be/qTEBfVWtDu4
168,hello_happy_world,TOMORROW (Cover),https://youtu.be/AIMdg1EhHFw
169,hello_happy_world,GO! GO! MANIAC (Cover),https://youtu.be/sDFuLB7r070
170,hello_happy_world,Dragon Night (Cover),https://youtu.be/Dy4vu-bUI5s
171,hello_happy_world,ようこそジャパリパークへ (Cover),https://youtu.be/p0It2jRsdtw
172,hello_happy_world,ウィーアー！ (Cover),https://youtu.be/0p2o3wLQcNM
173,hello_happy_world,おジャ魔女カーニバル!! (Cover),https://youtu.be/b1ycD-2c_xw
174,hello_happy_world,ダーリンダンス (Cover),https://youtu.be/rf9zk-2d1kU
175,hello_happy_world,ノーポイッ！ (Cover),https://youtu.be/sUrFo5Xw0Lc
176,hello_happy_world,SHINY DAYS (Cover),https://youtu.be/w0kOSCWzEx8
177,hello_happy_world,シルエット (Cover),https://youtu.be/n7U-z7okdBM
178,ikka_dumb_rock,ホーミー・タイッ！！,https://youtu.be/BSP-xypGSak
179,ikka_dumb_rock,Keep on Riddim,https://youtu.be/h0QJo5XjosA
180,millsage,起死開戦,https://youtu.be/bzPxdHmMW3s
181,millsage,カーネーションの咲く日に,https://youtu.be/-CFoE43oPOk
182,morfonica,Daylight -デイライト-,https://youtu.be/oT-B-uUUG28
183,morfonica,メランコリックララバイ,https://youtu.be/D_uUbtZUOPc
184,morfonica,flame of hope,https://youtu.be/4kLyLp8Oco0
185,morfonica,ブルームブルーム,https://youtu.be/ulnZ8yiS7Jg
186,morfonica,カラフルリバティー,https://youtu.be/HqDa4NOAt8w
187,morfonica,fly with the night,https://youtu.be/DpnFf8UINbs
188,morfonica,金色へのプレリュード,https://youtu.be/Qam2U-LF_Ks
189,morfonica,The Circle Of Butterflies,https://youtu.be/eMR-LxXyCKs
190,morfonica,ハーモニー・デイ,https://youtu.be/NuhjVeWwvoM
191,morfonica,Sweet Cheers!,https://youtu.be/e8IQBZMVIGw
192,morfonica,"寄る辺のSunny, Sunny",https://youtu.be/6C4NOz-t3QA
193,morfonica,誓いのWingbeat,https://youtu.be/nnpD32__lAY
194,morfonica,Ever Sky Blue,https://youtu.be/Ar7QtswUNGw
195,morfonica,Polyphonyscape,https://youtu.be/I6h4Rm32k-I
196,morfonica,Wreath of Brave,https://youtu.be/5O3gAE65_34
197,morfonica,Merry Merry Thanks!!,https://youtu.be/j3W3NHurJnk
198,morfonica,Sonorous,https://youtu.be/Wl5LZ3iJNzM
199,morfonica,両翼のBrilliance,https://youtu.be/O0jB7IA5tZg
200,morfonica,Steer to Utopia,https://youtu.be/wjpVRH7GOFc
201,morfonica,Fateful...,https://youtu.be/RD_6TSNkxg0
202,morfonica,ティリカモニカリラ,https://youtu.be/d32zOmV118k
203,morfonica,Secret Dawn,https://youtu.be/eWqv5RB6jng
204,morfonica,Angel's Ladder,https://youtu.be/7Hml249yhKg
205,morfonica,One step at a time,https://youtu.be/T_a1YLnxD50
206,morfonica,Tempest,https://youtu.be/OWTf5lEPT_g
207,morfonica,フレージング ミラージュ,https://youtu.be/zY9c9Ws9I3Y
208,morfonica,MUGEN Reverberate!,https://youtu.be/B6602-OMtZI
209,morfonica,わたしまちがいさがし,https://youtu.be/UgP_YbdsoB8
210,morfonica,esora no clover,https://youtu.be/fGgKN9_egCM
211,morfonica,きょうもMerry go rounD,https://youtu.be/RDhZVoPqL8k
212,morfonica,Feathered Dreams,https://youtu.be/sAnwgtsAzs8
213,morfonica,Portray Empathy,https://youtu.be/A-8Ci-YRgjE
214,morfonica,ビューティ・フォー,https://youtu.be/5kgdPWEUA7Q
215,morfonica,胡蝶翔る星月夜,https://youtu.be/GOU_X0KK-jo
216,morfonica,Color of Us,https://youtu.be/x9I1W3Aigrc
217,morfonica,Resonant Strings,https://youtu.be/zpHPneTujSA
218,morfonica,Shining Leaves,https://youtu.be/HkruyxEhOPI
219,morfonica,音がえしのセレナーデ,https://youtu.be/sUaDAY9u4y8
220,morfonica,蒼穹へのトレイル,https://youtu.be/eAjX1Ihvtac
221,morfonica,QUEEN (Cover),https://youtu.be/_FiExtFisto
222,morfonica,again (Cover),https://youtu.be/4Vgb5ZfuGas
223,morfonica,輪舞-revolution (Cover),https://youtu.be/RquM6y7cTZU
224,morfonica,メロウ (Cover),https://youtu.be/falfRIZceKw
225,morfonica,祝福 (Cover),https://youtu.be/A8BRPZIHCs4
226,morfonica,Overdose (Cover),https://youtu.be/ILjUR5nQQPA
227,morfonica,かくれんぼ (Cover),https://youtu.be/GGYr_vW75pI
228,morfonica,chAngE (Cover),https://youtu.be/SfdLc7O8nhM
229,morfonica,ALIVE (Cover),https://youtu.be/fzIHYLmJcy4
230,morfonica,Nameless Story (Cover),https://youtu.be/hLQbNQsCqwg
231,morfonica,青空のラプソディ (Cover),https://youtu.be/ZK7DbX4BApQ
232,morfonica,Nevereverland (Cover),https://youtu.be/ou7eTJ4JzGE
233,morfonica,メリッサ (Cover),https://youtu.be/yGdpwyRIyAQ
234,morfonica,COLORFUL BOX (Cover),https://youtu.be/bdjK1IZSudQ
235,morfonica,unravel (Cover),https://youtu.be/uRaB7qZwZP4
236,morfonica,アゲハ蝶 (Cover),https://youtu.be/EG78S0HJvZg
237,morfonica,V.I.P (Cover),https://youtu.be/B4O27f5P8Dk
238,morfonica,CQCQ (Cover),https://youtu.be/v12Sqv9lA0c
239,morfonica,深海少女 (Cover),https://youtu.be/8McGbxeGqdY
240,mugendai_mutype,アイの夢限,https://youtu.be/fSa8XH8d-T4
241,mugendai_mutype,どんがらがっしゃん,https://youtu.be/DvZohC30iOw
242,mugendai_mutype,みゅーたんとミュータント,https://youtu.be/qnHJDWgLkvw
243,mugendai_mutype,チューニング,https://youtu.be/gJqvYYkdkC8
244,mugendai_mutype,Dream Voyage,https://youtu.be/fDnYCRzvCco
245,mugendai_mutype,グラディエント,https://youtu.be/QMcU8T8wOd4
246,mugendai_mutype,LET'Sあちあちトレーニング！,https://youtu.be/g9fpSuTbouI
247,mugendai_mutype,真夜中遊園地,https://youtu.be/KD-EeGTr53I
248,mugendai_mutype,テレパシー,https://youtu.be/mKiBvYqfBfk
249,mugendai_mutype,TRASH LIFE,https://youtu.be/oD74b35UNVc
250,mugendai_mutype,新人類は仮想世界の夢を見るか?,https://youtu.be/zFsTGz60TLY
251,mugendai_mutype,コミュ着火Fire!,https://youtu.be/SI8q0trRdOE
252,mugendai_mutype,Calling,https://youtu.be/a6oOosacMxc
253,mugendai_mutype,Hi-Vision,https://youtu.be/a1-SB-tFYmI
254,mugendai_mutype,コハク,https://youtu.be/XYCI2LzEnZA
255,mugendai_mutype,✞animaるパーティ✞開催中✞,https://youtu.be/J_zCYMoy1Cw
256,mugendai_mutype,エンプティパペット,https://youtu.be/xosxYF29mvk
257,mugendai_mutype,限界現実サバイブ天使,https://youtu.be/_iX9WOOierg
258,mugendai_mutype,ビッグマウス,https://youtu.be/3WpaXoun2Tc
259,mugendai_mutype,夢現妄想世界,https://youtu.be/vS2MCoSUEVs
260,mugendai_mutype,やわやわNERD 超FreQuency,https://youtu.be/xzkEK0GF7fw
261,mugendai_mutype,超惑星Xへの旅,https://youtu.be/jr_xt37IcRc
262,mugendai_mutype,これはぼくたちの生存のあらすじ,https://youtu.be/4XbNBhZuBoA
263,mugendai_mutype,等身大あんりみてっど,https://youtu.be/XbqG3T4MGJE
264,mugendai_mutype,好きになっちゃえ！,https://youtu.be/mhmXN1uZTzE
265,mugendai_mutype,YoU kNOw the overture,https://youtu.be/UWHzX6SpizM
266,mugendai_mutype,唱 (Cover),https://youtu.be/zVdR0urFjnc
267,mugendai_mutype,インキャのキャキャキャ (Cover),https://youtu.be/_jU3f42nbGs
268,mugendai_mutype,デビルじゃないもん (Cover),https://youtu.be/y-kKg3F7-TA
269,mugendai_mutype,エイリアンエイリアン (Cover),https://youtu.be/QmYpqqTvVHc
270,mugendai_mutype,ぼくたちいつでも しゅわっしゅわ！ (Cover),https://youtu.be/dvmoFIxT6D4
271,mugendai_mutype,回レ!雪月花 (Cover),https://youtu.be/Nq2Sl4Ba44M
272,mugendai_mutype,ビッグマウス feat.りむる (Cover),https://youtu.be/i7vyrp_3an0
273,mugendai_mutype,KiLLKiSS (Cover),https://youtu.be/n4AUKXIjNeo
274,mugendai_mutype,君が飛び降りるのならば (Cover),https://youtu.be/BI71vana4VI
275,mugendai_mutype,地球最後の告白を (Cover),https://youtu.be/7R1DMU0qa00
276,mugendai_mutype,パラレルラルラ (Cover),https://youtu.be/ZcY2a1DyVAo
277,mugendai_mutype,夜もすがら君想ふ (Cover),https://youtu.be/OsJPJo4uKBc
278,mugendai_mutype,ジレンマ (Cover),https://youtu.be/3M5YaHlpMjY
279,mugendai_mutype,glow (Cover),https://youtu.be/WS4flpVYkLg
280,mugendai_mutype,メンタルチェンソー (Cover),https://youtu.be/eI-BW0Bcq4g
281,mugendai_mutype,ホシアイ (Cover),https://youtu.be/d6n4WHEtAgE
282,mugendai_mutype,フォニイ (Cover),https://youtu.be/0makuFTnChs
283,mugendai_mutype,ELECT (Cover),https://youtu.be/uaAIGOd9Qv0
284,mugendai_mutype,ユキトキ (Cover),https://youtu.be/LXYyBjnbQys
285,mugendai_mutype,スイートマジック (Cover),https://youtu.be/PsPtBzaevyA
286,mugendai_mutype,少年よ我に帰れ (Cover),https://youtu.be/2TtYsm1HDx8
287,mugendai_mutype,One Last Kiss (Cover),https://youtu.be/fyc4aGZ9C18
288,mugendai_mutype,ミルククラウン・オン・ソーネチカ (Cover),https://youtu.be/yHMLvqxh2PQ
289,mugendai_mutype,決戦スピリット (Cover),https://youtu.be/i-cgqBosaDw
290,mugendai_mutype,ティアドロップス (Cover),https://youtu.be/gZe2UGwld2E
291,mugendai_mutype,ロウワー (Cover),https://youtu.be/FhaynKrmQro
292,mugendai_mutype,ハイドアンド・シーク (Cover),https://youtu.be/FvLSUJ35qmE
293,mugendai_mutype,不可解 (Cover),https://youtu.be/YHfBJMxWSec
294,mugendai_mutype,GURU (Cover),https://youtu.be/D7M1eAnroZE
295,mugendai_mutype,経験値上昇中☆ (Cover),https://youtu.be/e15grxDKfF8
296,mugendai_mutype,翼をください (Cover),https://youtu.be/RGByUSGhQgE
297,mugendai_mutype,元気を出して (Cover),https://youtu.be/RzgsdgCkFjU
298,mugendai_mutype,ハッピー☆マテリアル (Cover),https://youtu.be/yLj0VCQC8qE
299,mugendai_mutype,時をかける少女 (Cover),https://youtu.be/XEzZRDCZBSc
300,mugendai_mutype,TOMORROW (Cover),https://youtu.be/_WXK_IB4cck
301,mugendai_mutype,PARTY☆NIGHT（D-POP version） (Cover),https://youtu.be/tdZgnk1nEG4
302,mugendai_mutype,CH4NGE (Cover),https://youtu.be/ivfYQxQBiXQ
303,mugendai_mutype,絶え間なく藍色 (Cover),https://youtu.be/bLIW2klD4Ms
304,mugendai_mutype,撫でんな (Cover),https://youtu.be/tZzToEEZjgo
305,mugendai_mutype,なにやってもうまくいかない (Cover),https://youtu.be/9Ba8G_i4dAg
306,mugendai_mutype,マーシャル・マキシマイザー (Cover),https://youtu.be/Gc7vzpnIYSU
307,mugendai_mutype,ZEAL of proud (Cover),https://youtu.be/4MPXhnbf29o
308,mugendai_mutype,繰り返し一粒 (Cover),https://youtu.be/xjGwcPHPAo8
309,mygo,迷星叫,https://youtu.be/V6gq-6dAbHA
310,mygo,壱雫空,https://youtu.be/bqDL0mTUiLs
311,mygo,碧天伴走,https://youtu.be/S7S4gUjXKjo
312,mygo,影色舞,https://youtu.be/5_ZWx7Q26Tw
313,mygo,歌いましょう鳴らしましょう,https://youtu.be/Xtqz4zUlrGY
314,mygo,潜在表明,https://youtu.be/ljBKERoFUZQ
315,mygo,音一会,https://youtu.be/SKj1BxRGdfI
316,mygo,春日影 (MyGO!!!!! ver.),https://youtu.be/NycFr6D6DSw
317,mygo,詩超絆,https://youtu.be/OenakjvUs24
318,mygo,迷路日々,https://youtu.be/d0E91J6UHSw
319,mygo,無路矢,https://youtu.be/b3Rapr2kUTM
320,mygo,名無声,https://youtu.be/DEyXwtinmfs
321,mygo,栞,https://youtu.be/SgJFZEI6GSw
322,mygo,歩拾道,https://youtu.be/EEeYU4-dhZk
323,mygo,明弦音,https://youtu.be/6sJ7vXe_oMU
324,mygo,孤壊牢,https://youtu.be/x56aIq5BDQU
325,mygo,霧周途,https://youtu.be/qJPXncScNA4
326,mygo,端程山,https://youtu.be/2gRiKJ6zxRg
327,mygo,処救生,https://youtu.be/Z2OLVzWFaY0
328,mygo,輪符雨,https://youtu.be/5qaDNLKfu3o
329,mygo,夜隠染,https://youtu.be/szlxFGtNCs0
330,mygo,過惰幻,https://youtu.be/aggmsIQMR4I
331,mygo,回層浮,https://youtu.be/ZPB6sJ0ehOI
332,mygo,砂寸奏,https://youtu.be/ydoFJ2s-kDA
333,mygo,焚音打,https://youtu.be/meUaiXnSeGY
334,mygo,残痕字,https://youtu.be/lfDO7bvUtn8
335,mygo,掌心正銘,https://youtu.be/Aww91itH5cQ
336,mygo,証命讃歌,https://youtu.be/I5s3q-_HCSk
337,mygo,エガクミライ,https://youtu.be/T_jH9KJTlsI
338,mygo,静降想,https://youtu.be/OdVHJhdFYOo
339,mygo,聿日箋秋,https://youtu.be/dKPye_tGXFM
340,mygo,往欄印,https://youtu.be/ypcMuQhWdZA
341,mygo,だれかの心臓になれたなら (Cover),https://youtu.be/QOGVaoFOeuw
342,mygo,遥か彼方 (Cover),https://youtu.be/rKyU_gxye30
343,mygo,雑踏、僕らの街 (Cover),https://youtu.be/9fH4DBvi5pE
344,mygo,過去を喰らう (Cover),https://youtu.be/ZwDx3We2qL8
345,mygo,君の神様になりたい。 (Cover),https://youtu.be/NOo87S0ABXQ
346,mygo,ノンブレス・オブリージュ (Cover),https://youtu.be/cdVOlppDwFo
347,mygo,swim (Cover),https://youtu.be/YcBvpV_CzuU
348,mygo,猛独が襲う (Cover),https://youtu.be/DHxVK6DGqxk
349,mygo,二息歩行 (Reloaded) (Cover),https://youtu.be/q7lbzmTw8RM
350,mygo,社会距離 (Cover),https://youtu.be/Y5qJcXd0two
351,mygo,君の神様になりたい。 (Cover),https://youtu.be/HwLbvP99ypk
352,mygo,Henceforth (Cover),https://youtu.be/Lr-bMZ2hNH0
353,mygo,ティアドロップス (Cover),https://youtu.be/3KVLbAMPwzs
354,mygo,遠心力 (Cover),https://youtu.be/9RNcp7rLecQ
355,mygo,ないばいたりてぃ (Cover),https://youtu.be/tAZGnS1FKRE
356,mygo,キリトリセン (Cover),https://youtu.be/3fBftYWm8gY
357,mygo,もしも命が描けたら (Cover),https://youtu.be/uVGIGeTPQVM
358,mygo,TEENAGE RIOT (Cover),https://youtu.be/Hm90Otiz8u8
359,mygo,パメラ (Cover),https://youtu.be/wbbcQokPgLM
360,mygo,栞 (Cover),https://youtu.be/3ye4lnEsJRY
361,mygo,シンデレラボーイ (Cover),https://youtu.be/SKyIh9ddvck
362,mygo,少女レイ (Cover),https://youtu.be/DEXX5zBkRjQ
363,mygo,正しくなれない (Cover),https://youtu.be/azECAVAWRxI
364,mygo,恋してる自分すら愛せるんだ (Cover),https://youtu.be/swsu_JBv6Ug
365,mygo,春日影,https://youtu.be/wRwQUk0Dl30
366,mygo,素寄曲,https://youtu.be/uZSAArx6jKM
367,mygo,羅永線,https://youtu.be/fwTsHwFzOlg
368,mygo,騒混出,https://youtu.be/GzbCOAHhwzM
369,pastel_palettes,TITLE IDOL,https://youtu.be/DYcKUe6QYtQ
370,pastel_palettes,ワクワクmeetsトリップ,https://youtu.be/2tsI2LPugWE
371,pastel_palettes,ゆら・ゆらRing-Dong-Dance,https://youtu.be/IYi3pLHGEo0
372,pastel_palettes,もういちど ルミナス,https://youtu.be/674OQz-V6b0
373,pastel_palettes,あっつあつ 常夏 らぶ☆サマー！,https://youtu.be/F2XgwwQFcvs
374,pastel_palettes,天下トーイツ A to Z☆,https://youtu.be/rL-CITfYnV8
375,pastel_palettes,しゅわりん☆どり〜みん,https://youtu.be/9s_GFDvfUTI
376,pastel_palettes,Power of LOVE!!!,https://youtu.be/zTJjAOvwhgo
377,pastel_palettes,きゅ～まい＊flower,https://youtu.be/_Y2me3JTTd4
378,pastel_palettes,Winking☆Cheer,https://youtu.be/jDHsMU5ZFR0
379,pastel_palettes,ゆめゆめグラデーション,https://youtu.be/p5ta20-h8vU
380,pastel_palettes,はなまる◎アンダンテ,https://youtu.be/QKpgJFE3CgM
381,pastel_palettes,パスパレボリューションず☆,https://youtu.be/02-G0MAcdmc
382,pastel_palettes,SURVIVOR ねばーぎぶあっぷ!,https://youtu.be/5emw7-6FnvE
383,pastel_palettes,Wonderland Girl,https://youtu.be/i_pkiVx3dWo
384,pastel_palettes,ゼッタイ宣言～Recital～,https://youtu.be/LoW3xxuewLc
385,pastel_palettes,ぎゅっDAYS♪,https://youtu.be/Aihl3YY6wFw
386,pastel_palettes,Wonderful Sweet!,https://youtu.be/oMtLVZ4z9wM
387,pastel_palettes,るんっ♪てぃてぃー！,https://youtu.be/pOhredaA3bY
388,pastel_palettes,パッパレ☆人生！バーン万歳！,https://youtu.be/AqU8cxKLmN0
389,pastel_palettes,Brand new Pastel Road!,https://youtu.be/BDy7oYorJzw
390,pastel_palettes,あこがれacross,https://youtu.be/UbKbTPzYNOI
391,pastel_palettes,ハレハレ☆フォーチュン,https://youtu.be/iKRoKPyOXlQ
392,pastel_palettes,ハナヒバナ,https://youtu.be/mzgnly7MnCA
393,pastel_palettes,そばかす (Cover),https://youtu.be/jSvmpgJLlR4
394,pastel_palettes,気まぐれロマンティック (Cover),https://youtu.be/Awn0evP-X4k
395,pastel_palettes,ドリームパレード (Cover),https://youtu.be/TOIuxE3mMcI
396,pastel_palettes,ラムのラブソング (Cover),https://youtu.be/BnlwHfHBafM
397,pastel_palettes,DANCE! おジャ魔女 (Cover),https://youtu.be/VkLZPuTArN4
398,pastel_palettes,DISCOTHEQUE (Cover),https://youtu.be/OK782ls3yH8
399,pastel_palettes,ゆりゆららららゆるゆり大事件 (Cover),https://youtu.be/pSH0gYedUEg
400,pastel_palettes,SAKURAスキップ (Cover),https://youtu.be/DxUyKQwPeWU
401,pastel_palettes,Stay Alive (Cover),https://youtu.be/cC9iaoSJLqw
402,pastel_palettes,秘密の扉から会いにきて (Cover),https://youtu.be/Vfk4MdZKBn4
403,pastel_palettes,トリドリ＊パレット,https://youtu.be/bhbqZAY_TEk
404,pastel_palettes,ドラマチック！アライブ,https://youtu.be/ppjwpt0H2o4
405,pastel_palettes,Radiate Warriors,https://youtu.be/dS-SUwftzmM
406,pastel_palettes,ReReReエボリューションず☆,https://youtu.be/4XSLFAmgO34
407,pastel_palettes,everyday flower,https://youtu.be/zEHPkLXcX1I
408,pastel_palettes,With〜きみとわたしたちの物語〜,https://youtu.be/zjMWXcNc8Uw
409,pastel_palettes,フレっとパレットFight Song!!,https://youtu.be/ZvK22__1ECE
410,pastel_palettes,デイオフ・ラフ・ラブ・サンクス,https://youtu.be/M4asKbF6F18
411,pastel_palettes,ホワイト ノスタルジア,https://youtu.be/oN98BBBIOnw
412,pastel_palettes,Y.O.L.O！！！！！(パスパレver.),https://youtu.be/yKkCyuTOi8Q
413,pastel_palettes,奏（かなで） (Cover),https://youtu.be/7ivdiNcTRmA
414,pastel_palettes,Sparkling Daydream (Cover),https://youtu.be/cWaspJSp51g
415,pastel_palettes,春を告げる (Cover),https://youtu.be/Kz_bl2WNEag
416,pastel_palettes,だから、ひとりじゃない (Cover),https://youtu.be/RxB9vL3xGts
417,pastel_palettes,サインはB (Cover),https://youtu.be/pe-Hf4LBNu4
418,pastel_palettes,愛包ダンスホール (Cover),https://youtu.be/qvnhTZ8Tt6Y
419,pastel_palettes,最上級にかわいいの！ (Cover),https://youtu.be/e8vNIMfYZ5Q
420,pastel_palettes,♡桃色片想い♡ (Cover),https://youtu.be/wYKNiQ89D2c
421,pastel_palettes,金曜日のおはよう (Cover),https://youtu.be/Yuy49UdKUDk
422,pastel_palettes,魔法少女とチョコレゐト (Cover),https://youtu.be/1TkdhB2WsRs
423,pastel_palettes,可愛くてごめん (Cover),https://youtu.be/rUHSBpc0bII
424,pastel_palettes,からくりピエロ (Cover),https://youtu.be/l-fkEvCQmPY
425,pastel_palettes,みくみくにしてあげる♪【してやんよ】 (Cover),https://youtu.be/LwR74MCem6w
426,pastel_palettes,ルカルカ★ナイトフィーバー (Cover),https://youtu.be/9xwqyx5ctOo
427,pastel_palettes,アイドル (Cover),https://youtu.be/cJBTmzjJzU8
428,pastel_palettes,secret base ～君がくれたもの～ (Cover),https://youtu.be/itCnoApRdqU
429,pastel_palettes,ふわふわ時間 (Cover),https://youtu.be/dLeFvw9vy3o
430,pastel_palettes,Fantastic future (Cover),https://youtu.be/6Io8ctmS0YY
431,pastel_palettes,Baby Sweet Berry Love (Cover),https://youtu.be/OOd6NXBYo3k
432,pastel_palettes,Q＆A　リサイタル！ (Cover),https://youtu.be/UdKKTRtfxjg
433,pastel_palettes,ヒトリゴト (Cover),https://youtu.be/v5LyeEX1YV0
434,pastel_palettes,惑星ループ (Cover),https://youtu.be/myK79DvRm3o
435,pastel_palettes,世界は恋に落ちている (Cover),https://youtu.be/5EWO1vDl0tc
436,pastel_palettes,ハッピーシンセサイザ (Cover),https://youtu.be/AD3WCMhAGVs
437,pastel_palettes,春擬き (Cover),https://youtu.be/LuBJ_pjwIXk
438,pastel_palettes,Make it! (Cover),https://youtu.be/l0RnmsJuvfo
439,pastel_palettes,花ハ踊レヤいろはにほ (Cover),https://youtu.be/ZoMwONgrN_E
440,pastel_palettes,夜に駆ける (Cover),https://youtu.be/qr_jUCTw_T0
441,pastel_palettes,徒花ネクロマンシー (Cover),https://youtu.be/_G5oGC6aJYs
442,pastel_palettes,ノスタルジックレインフォール (Cover),https://youtu.be/i-jiHiL7G8s
443,poppin_party,Yes! BanG_Dream!,https://youtu.be/tBSpLDIqbHc
444,poppin_party,STAR BEAT!～ホシノコドウ～,https://youtu.be/RtKwXh18gkc
445,poppin_party,走り始めたばかりのキミに,https://youtu.be/pBKo-SAbtcM
446,poppin_party,ティアドロップス,https://youtu.be/lOE3DB6Ur4A
447,poppin_party,ときめきエクスペリエンス！,https://youtu.be/OqN-TbVubpA
448,poppin_party,キラキラだとか夢だとか ～Sing Girls～,https://youtu.be/4YrfrDTabQk
449,poppin_party,私の心はチョココロネ,https://youtu.be/ZnaBCQTeHYI
450,poppin_party,前へススメ！,https://youtu.be/3ugLz4FMdeI
451,poppin_party,夢みるSunflower,https://youtu.be/yQ0ebf3C1zM
452,poppin_party,ティアドロップス ～Popipa Acoustic Ver.～,https://youtu.be/Eq0Mo7Ca02I
453,poppin_party,走り始めたばかりのキミに ～Popipa Acoustic Ver.～,https://youtu.be/PZlcgbhP8PY
454,poppin_party,Time Lapse,https://youtu.be/ap3LhZJvbiw
455,poppin_party,八月のif,https://youtu.be/y_wsqM33BaY
456,poppin_party,クリスマスのうた,https://youtu.be/EMwYk4qPK1k
457,poppin_party,B.O.F,https://youtu.be/dW25FkbQC58
458,poppin_party,CiRCLING,https://youtu.be/Zj4qzqS--UY
459,poppin_party,二重の虹(ダブル レインボウ),https://youtu.be/sNaJuqFB-_g
460,poppin_party,最高(さあ行こう)！,https://youtu.be/w5jX2B8W6l8
461,poppin_party,ガールズコード,https://youtu.be/94djfHnNylA
462,poppin_party,Yes! BanG_Dream! ～Popipa Acoustic Ver.～,https://youtu.be/ZHrWJfxYKOQ
463,poppin_party,夏空 SUN! SUN! SEVEN! ～Popipa Acoustic Ver.～,https://youtu.be/aWzYylwrlNU
464,poppin_party,STAR BEAT!～ホシノコドウ～ ～Popipa Acoustic Ver.～,https://youtu.be/kj5orLd_XnA
465,poppin_party,Breakthrough!,https://youtu.be/jL9BEY5Lt7Q
466,poppin_party,NO GIRL NO CRY/Poppin'Party Ver.,https://youtu.be/D1ONxAWcbGE
467,poppin_party,イニシャル,https://youtu.be/Yb9FzUPpk0Y
468,poppin_party,Hello! Wink!,https://youtu.be/BduVH7BZj2k
469,poppin_party,Step×Step!,https://youtu.be/yJSDaYtRGto
470,poppin_party,Jumpin',https://youtu.be/SIF5yp2lNqA
471,poppin_party,White Afternoon,https://youtu.be/Q7Y-vskuNVQ
472,poppin_party,キラキラスター！,https://youtu.be/idH2KGN0C4A
473,poppin_party,Returns,https://youtu.be/zWKV5yudE18
474,poppin_party,Dreamers Go!,https://youtu.be/VigNV3bsE_k
475,poppin_party,キズナミュージック♪,https://youtu.be/rvKC_BDWo0o
476,poppin_party,ミライトレイン,https://youtu.be/amlyxSdWmTg
477,poppin_party,夢を撃ち抜く瞬間に！,https://youtu.be/Y8-nQ9ehgZE
478,poppin_party,ぽっぴん'しゃっふる,https://youtu.be/FNpk2rkmT_U
479,poppin_party,夏空 SUN! SUN! SEVEN!,https://youtu.be/AwmICsVBWLU
480,poppin_party,1000回潤んだ空,https://youtu.be/b-ZAiNOYtE0
481,poppin_party,HAPPY HAPPY PARTY!,https://youtu.be/c0brvCZdxeg
482,poppin_party,夏のドーン！,https://youtu.be/xtgdECulbbw
483,poppin_party,キミにもらったもの,https://youtu.be/gu85qKfXfj8
484,poppin_party,Light Delight,https://youtu.be/ycVVqPjxPqk
485,poppin_party,切ないSandglass,https://youtu.be/W_W3LnZJApA
486,poppin_party,Home Street,https://youtu.be/_n8qGOBD0J8
487,poppin_party,What's the POPIPA!?,https://youtu.be/pX8lWO_Jwv4
488,poppin_party,SAKURA MEMORIES,https://youtu.be/lQF_5FOrl7k
489,poppin_party,アニバーサリー,https://youtu.be/0TYq4xK3G8g
490,poppin_party,Tomorrow's Door,https://youtu.be/j7o8KLDowG8
491,poppin_party,イントロダクション,https://youtu.be/KfuOq4v5H_A
492,poppin_party,TARINAI,https://youtu.be/aIaSbIpxXb8
493,poppin_party,DOKI DOKI SCARY,https://youtu.be/T6a3TbucVIk
494,poppin_party,Photograph,https://youtu.be/jLWs8qcXF7o
495,poppin_party,夏に閉じこめて,https://youtu.be/02n9fIuuew8
496,poppin_party,ぽっぴん'どりーむ！,https://youtu.be/-ISFvqdfTHo
497,poppin_party,星の約束,https://youtu.be/fa9khQQc5HE
498,poppin_party,新しい季節に,https://youtu.be/bqKoweXOY1I
499,poppin_party,トレモロアイズ,https://youtu.be/lsRTa_4Q9iU
500,poppin_party,雨上がり、キミと,https://youtu.be/6PWbcFhH1sc
501,poppin_party,花咲く未来に,https://youtu.be/rTVN1M1DNx8
502,poppin_party,Live Beyond!!,https://youtu.be/BQ417cl8-iE
503,poppin_party,Sweets BAN!,https://youtu.be/_Zbm5jidUmM
504,poppin_party,キミが始まる！,https://youtu.be/tjFia-3Se94
505,poppin_party,Moonlight Walk,https://youtu.be/Ie0-J4-CMk4
506,poppin_party,ここから先は歌にならない,https://youtu.be/YfSxTmBzz9k
507,poppin_party,青春 To Be Continued,https://youtu.be/inyz9fpWPT0
508,poppin_party,Future Place,https://youtu.be/JonvwJvZFv4
509,poppin_party,大好き！,https://youtu.be/NW5DnKrpr8M
510,poppin_party,Five Letters,https://youtu.be/-rDKKJcyyTU
511,poppin_party,最強☆ソング,https://youtu.be/pSYXzPMhsPQ
512,poppin_party,RiNG A BELL,https://youtu.be/ai76D_byMgk
513,poppin_party,Drive Your Heart,https://youtu.be/3qwN9R7er9Y
514,poppin_party,とっておきAnswer,https://youtu.be/uOdEmtdzblA
515,poppin_party,START!! True dreams (Cover),https://youtu.be/SQ_-nPf-SNI
516,poppin_party,どきどきデエト,https://youtu.be/sk7nYFsnLto
517,poppin_party,チョコレイトの低音レシピ,https://youtu.be/pbDiKPBuTsc
518,poppin_party,Chu Chueen!,https://youtu.be/5j2a4m1OQsg
519,poppin_party,どきどきSING OUT!,https://youtu.be/Y-tnOBf-byo
520,poppin_party,Freedom,https://youtu.be/oy6OCnr9eAg
521,poppin_party,Game Changer,https://youtu.be/X7NS0u628lw
522,poppin_party,花園電気ギター！！！,https://youtu.be/Fb6Vxj--Fq4
523,poppin_party,す、好きなんかじゃない！,https://youtu.be/vdYlI5BnvPk
524,poppin_party,遠い音楽 ～ハートビート～,https://youtu.be/jTSPnt5kts0
525,poppin_party,ほな！,https://youtu.be/hDgXSuDV51A
526,poppin_party,世界中の青空をあつめて,https://youtu.be/OuCaAYkV2d8
527,poppin_party,勇気Limit！,https://youtu.be/HNpDj7g9Fd0
528,poppin_party,開けたらDream!,https://youtu.be/E7Vac5VF7Qg
529,poppin_party,絆色のアンサンブル,https://youtu.be/tvXmaug8tG8
530,poppin_party,NO GIRL NO CRY (Poppin'Party Ver.),https://youtu.be/uBLg7gB5FiM
531,poppin_party,ちゅ、多様性。 (Cover),https://youtu.be/DhaNne4oohU
532,poppin_party,フィクション (Cover),https://youtu.be/NF-IGTDm138
533,poppin_party,幾億光年 (Cover),https://youtu.be/CHkferCyEUM
534,poppin_party,心絵 (Cover),https://youtu.be/9FhNnX_qsV0
535,poppin_party,じょいふる (Cover),https://youtu.be/3bnaYpv-DFU
536,poppin_party,MATSURI BAYASHI (Cover),https://youtu.be/Gpkg81TpkSA
537,poppin_party,私は最強 (Cover),https://youtu.be/fRxQcfI2PXo
538,poppin_party,トウキョウ・シャンディ・ランデヴ (Cover),https://youtu.be/FWdBp0JXxhs
539,poppin_party,夜行性ハイズ (Cover),https://youtu.be/bAB2ZuwcxFc
540,poppin_party,メランコリック (Cover),https://youtu.be/7X1NMdaFLiw
541,poppin_party,怪獣の花唄 (Cover),https://youtu.be/36Q4jzk_IvE
542,poppin_party,光るなら (Cover),https://youtu.be/tM9njVVTxaQ
543,poppin_party,ミュージック・アワー (Cover),https://youtu.be/dwYnaJHhnmw
544,poppin_party,only my railgun (Cover),https://youtu.be/MjJX_7wt76A
545,poppin_party,ロミオとシンデレラ (Cover),https://youtu.be/AO5UM_1IIFQ
546,poppin_party,Daydream café (Cover),https://youtu.be/2uu5rGrlHec
547,poppin_party,君じゃなきゃダメみたい (Cover),https://youtu.be/o4JpKWTT2rI
548,poppin_party,＊〜アスタリスク〜 (Cover),https://youtu.be/nAmOOEi3LHc
549,poppin_party,DAYS of DASH (Cover),https://youtu.be/dGAFk19MN6Q
550,poppin_party,檄！帝国華撃団 (Cover),https://youtu.be/XtZaRGkRwL4
551,poppin_party,DAYS (Cover),https://youtu.be/SJWQwOIdJgY
552,poppin_party,ディスカバリー！ (Cover),https://youtu.be/EHmHYlveZTI
553,poppin_party,チェリボム (Cover),https://youtu.be/BomRuEmkPsc
554,poppin_party,ヴァンパイア (Cover),https://youtu.be/I_TIPc02Ros
555,poppin_party,怪物 (Cover),https://youtu.be/k49-xYTRmyY
556,poppin_party,大河よ共に泣いてくれ (Cover),https://youtu.be/1ZoP4xnF_J0
557,poppin_party,空色デイズ (Cover),https://youtu.be/Z42iAtQpMNs
558,poppin_party,乙女はサイコパス (Cover),https://youtu.be/pFNrfao3dXg
559,raise_a_suilen,Invincible Fighter,https://youtu.be/m5z-mCUwmxM
560,raise_a_suilen,A DECLARATION OF ×××,https://youtu.be/9iOltuunbvs
561,raise_a_suilen,SOUL SOLDIER,https://youtu.be/vHZF9D4gAoQ
562,raise_a_suilen,UNSTOPPABLE,https://youtu.be/HTxkTejTs8E
563,raise_a_suilen,HELL! or HELL?,https://youtu.be/xalGIIeyPLo
564,raise_a_suilen,Beautiful Birthday,https://youtu.be/AxEUw6LdHR4
565,raise_a_suilen,Takin’ my Heart,https://youtu.be/ikck11yNDxg
566,raise_a_suilen,DRIVE US CRAZY,https://youtu.be/5gUl74wG2DE
567,raise_a_suilen,!NVADE SHOW!,https://youtu.be/eLpe02tbeYU
568,raise_a_suilen,REIGNING,https://youtu.be/4i9vGzhaCg0
569,raise_a_suilen,EXPOSE ‘Burn out!!!’,https://youtu.be/oXN2YFZH0ig
570,raise_a_suilen,R・I・O・T,https://youtu.be/JYbew8XnCc8
571,raise_a_suilen,V.I.P MONSTER,https://youtu.be/ci5Ot5n-8_k
572,raise_a_suilen,mind of Prominence,https://youtu.be/CmEGhNuz_zs
573,raise_a_suilen,Ray of hope,https://youtu.be/bjHImc6cTqE
574,raise_a_suilen,EXIST,https://youtu.be/Vo3lvsrP9mY
575,raise_a_suilen,Sacred world,https://youtu.be/4b3deIpxkSk
576,raise_a_suilen,-N-E-M-E-S-I-S-,https://youtu.be/caxxCfDdklI
577,raise_a_suilen,DANCING DARING,https://youtu.be/cmbqhJ7OM8w
578,raise_a_suilen,BATTLE CRY,https://youtu.be/pW01z1Q-MQY
579,raise_a_suilen,Domination to world,https://youtu.be/41K7ic6HN4E
580,raise_a_suilen,THE WAY OF LIFE,https://youtu.be/W5bmkfq6_Wo
581,raise_a_suilen,灼熱 Bonfire!,https://youtu.be/Uh2MjQ9Q324
582,raise_a_suilen,Repaint,https://youtu.be/eJp3_buirj4
583,raise_a_suilen,Life on the Lotus,https://youtu.be/zle_8SGQgcg
584,raise_a_suilen,CORUSCATE -DNA-,https://youtu.be/1NgjttSojKw
585,raise_a_suilen,That Is How I Roll!,https://youtu.be/YsdbJl-eg2o
586,raise_a_suilen,しゅわりん☆どり～みん,https://youtu.be/xFat9vDHNJE
587,raise_a_suilen,パスパレボリューションず☆,https://youtu.be/mDKUbNpjzDU
588,raise_a_suilen,えがおのオーケストラっ！,https://youtu.be/Vlp3NkDZh7c
589,raise_a_suilen,Don't be afraid!,https://youtu.be/Wv9HiA6ONbI
590,raise_a_suilen,ゆら・ゆらRing-Dong-Dance,https://youtu.be/j69ZFBRuOlA
591,raise_a_suilen,Hey-day狂騒曲(カプリチオ),https://youtu.be/dQuVrNLZOFM
592,raise_a_suilen,Scarlet Sky,https://youtu.be/bRWWFTSHICg
593,raise_a_suilen,ゴーカ！ごーかい！？ファントムシーフ！,https://youtu.be/sooblFkVWdo
594,raise_a_suilen,R・I・O・T,https://youtu.be/NTkFFLOLuCc
595,raise_a_suilen,That Is How I Roll! (ライブ / アンコール),https://youtu.be/inRDSCi2O_E
596,raise_a_suilen,R･I･O･T (ライブ / アンコール),https://youtu.be/eyjb_cL2nag
597,raise_a_suilen,Apocalypse,https://youtu.be/0fBH7M4EY1M
598,raise_a_suilen,TWIN TALE,https://youtu.be/pB350d7RuAg
599,raise_a_suilen,STRAY CERBERUS,https://youtu.be/e_5VjvDrHz8
600,raise_a_suilen,BERSER-KEY,https://youtu.be/cmwOP8goDTw
601,raise_a_suilen,POLARIS,https://youtu.be/M-6HMvPPnLM
602,raise_a_suilen,HOWLING AMBITION,https://youtu.be/XYMoaMqyf6s
603,raise_a_suilen,VIVID FIRST TIME,https://youtu.be/ckqNhklWz6I
604,raise_a_suilen,'FIGHT' ADDICT,https://youtu.be/gHqSTnDDmJk
605,raise_a_suilen,Drown Out the Noise and Push Through the Trash,https://youtu.be/EELGtL1U1vw
606,raise_a_suilen,FIVE as ONE,https://youtu.be/rRo4HYj654A
607,raise_a_suilen,EXPOSE 'Burn out!!!' (English),https://youtu.be/JuSc3CMEv34
608,raise_a_suilen,Takin' my Heart (English),https://youtu.be/ops9Visjdwc
609,raise_a_suilen,WELCOME TO PANDEMONIUM,https://youtu.be/5sj1cxlpp5U
610,raise_a_suilen,WHAT AN EXPLOSION,https://youtu.be/5AL7kBxbMI8
611,raise_a_suilen,RUNAWAY STAR,https://youtu.be/DkMyx_sLMlk
612,raise_a_suilen,Bad Kids All Bet,https://youtu.be/mKt2u5a3-H8
613,raise_a_suilen,Light a fire,https://youtu.be/oVEfC2fyvLY
614,raise_a_suilen,Embrace of light,https://youtu.be/7LN3sI8JE5E
615,raise_a_suilen,OUTSIDER RODEO,https://youtu.be/gSVSgtA9ke4
616,raise_a_suilen,JUST THE WAY I AM,https://youtu.be/-0OIoHQv5qY
617,raise_a_suilen,ラスハピーポー！,https://youtu.be/Wq-hNQDOPJA
618,raise_a_suilen,1/3の純情な感情 (Cover),https://youtu.be/GBGMF98_oBs
619,raise_a_suilen,ヒトリノ夜 (Cover),https://youtu.be/9zwlVCZ4LRw
620,raise_a_suilen,激動 (Cover),https://youtu.be/AacM4_SwEPc
621,raise_a_suilen,メギツネ (Cover),https://youtu.be/FHdbSnHhlts
622,raise_a_suilen,Bling-Bang-Bang-Born (Cover),https://youtu.be/ciUhdk5mxt4
623,raise_a_suilen,第六感 (Cover),https://youtu.be/cb2c5sJShsQ
624,raise_a_suilen,革命道中 (Cover),https://youtu.be/xj_PkFdvQ0g
625,raise_a_suilen,Get Wild (Cover),https://youtu.be/ezQiWaCbpug
626,raise_a_suilen,ボッカデラべリタ (Cover),https://youtu.be/OsWFLfjctjQ
627,raise_a_suilen,第ゼロ感 (Cover),https://youtu.be/-87myA3SB-g
628,raise_a_suilen,劣等上等 (Cover),https://youtu.be/jE_GE2IJ5FA
629,raise_a_suilen,Just Awake (Cover),https://youtu.be/nyn9h6BraQ4
630,raise_a_suilen,Keep the Heat and Fire Yourself Up (Cover),https://youtu.be/SGMxavJkvqA
631,raise_a_suilen,ボッカデラベリタ (Cover),https://youtu.be/1Ey5S6imOwM
632,raise_a_suilen,VORACITY (Cover),https://youtu.be/rdAtnVC03M0
633,raise_a_suilen,神っぽいな (Cover),https://youtu.be/J1pFz1b08f8
634,raise_a_suilen,狂乱 Hey Kids!! (Cover),https://youtu.be/NaadmtMFqI4
635,raise_a_suilen,SAVIOR OF SONG (Cover),https://youtu.be/M45pCdVZhHY
636,raise_a_suilen,恋しさとせつなさと心強さと (Cover),https://youtu.be/8XRwP6pLi_s
637,raise_a_suilen,DEPARTURES (Cover),https://youtu.be/TLq1MbV686M
638,raise_a_suilen,CORE PRIDE (Cover),https://youtu.be/sS9JtIVl-Lw
639,roselia,Neo-Aspect,https://youtu.be/03iVXFZ8jrs
640,roselia,BLACK SHOUT,https://youtu.be/MmnU-s1TdsI
641,roselia,Opera of the wasteland,https://youtu.be/kzzXxwU3qo4
642,roselia,陽だまりロードナイト,https://youtu.be/KjgjeK-ppd0
643,roselia,ONENESS,https://youtu.be/m3mZynIlQe0
644,roselia,Re:birth day,https://youtu.be/cqY4sBLd-_E
645,roselia,Legendary,https://youtu.be/MaWXiKOzwUc
646,roselia,- HEROIC ADVENT -,https://youtu.be/HD--qY58fsM
647,roselia,Determination Symphony,https://youtu.be/4jyT00Gn2Ec
648,roselia,熱色スターマイン,https://youtu.be/DZNOUNsvWps
649,roselia,軌跡,https://youtu.be/P2BT98BC1N8
650,roselia,LOUDER,https://youtu.be/RZBHAjojJhg
651,roselia,R,https://youtu.be/ZqdMPCDsCeE
652,roselia,BRAVE JEWEL,https://youtu.be/MHXRfiufs2o
653,roselia,FIRE BIRD,https://youtu.be/59kPRviWjAo
654,roselia,Safe and Sound,https://youtu.be/0Hj-eXZzL90
655,roselia,Avant-garde HISTORY,https://youtu.be/C3vzihABDZQ
656,roselia,Break your desire,https://youtu.be/tzXB1HCJAQo
657,roselia,Neo-Aspect,https://youtu.be/Izq3AAix1Os
658,roselia,約束,https://youtu.be/Xrx-qzgzhek
659,roselia,"""UNIONS"" Road",https://youtu.be/1afLYh5w8XY
660,roselia,Song I am.,https://youtu.be/Kohn9PRanoY
661,roselia,Sage der Rosen,https://youtu.be/z0jU3sNiA44
662,roselia,覚悟のLiberation,https://youtu.be/ncY1KiGbQk8
663,roselia,Keep Heart,https://youtu.be/0e9gzU4spFU
664,roselia,Original Call,https://youtu.be/Rfw6OoJj3Cw
665,roselia,Always recall.,https://youtu.be/M5h9Td238hI
666,roselia,Floral Haven,https://youtu.be/Qa7n53DmlHg
667,roselia,Sprechchor,https://youtu.be/OpSimLr7ouc
668,roselia,閃光,https://youtu.be/I0s49imrtho
669,roselia,THE HISTORIC...,https://youtu.be/2AjNrv9FhRQ
670,roselia,ROZEN HORIZON,https://youtu.be/8Cygbjd1h8Y
671,roselia,廻廻奇譚 (Cover),https://youtu.be/Upm95P9Wye0
672,roselia,鳥の詩 (Cover),https://youtu.be/Y5CTSrakFlY
673,roselia,Synchrogazer (Cover),https://youtu.be/3QeYCxU7ftQ
674,roselia,名前のない怪物 (Cover),https://youtu.be/7jOjYce_f4c
675,roselia,Dazzle the Destiny,https://youtu.be/NBqwhhtVs9I
676,roselia,Grateful Melting,https://youtu.be/xeBOEvFrWK8
677,roselia,Second to None,https://youtu.be/qqEMtc1NtGk
678,roselia,Steadfast Spirits,https://youtu.be/ppeswfW0mg4
679,roselia,紫炎,https://youtu.be/0BsIKL3t76M
680,roselia,XV,https://youtu.be/P9PXzNniuaY
681,roselia,Blessing Chord,https://youtu.be/qKYf5ozmgsE
682,roselia,Fear Nothing,https://youtu.be/WhEs2KF4zNo
683,roselia,PASSIONATE ANTHEM,https://youtu.be/68Gwwqp1DK4
684,roselia,Requiem for Fate,https://youtu.be/eoq81V4BpHQ
685,roselia,Sanctuary,https://youtu.be/LAPLzxHzaHY
686,roselia,Sunlit Musical,https://youtu.be/BtG1mA_1e0s
687,roselia,Talk to My Tone,https://youtu.be/ZtHU3JLdNoU
688,roselia,一逢のFull Glory,https://youtu.be/uXgEOq0544w
689,roselia,礎の花冠,https://youtu.be/GyZ4UFCbWZo
690,roselia,FRONTIER FANTASIA,https://youtu.be/XuxC9WuFZcw
691,roselia,Dear Gleam,https://youtu.be/ihQB9wYq89g
692,roselia,Call the shots,https://youtu.be/VBn-ME6-jGs
693,roselia,THRONE OF ROSE,https://youtu.be/H_ngLOaoMvs
694,roselia,VIOLET LINE,https://youtu.be/-yVtSiKoc1c
695,roselia,Ringing Bloom,https://youtu.be/h4cEEXCPO8M
696,roselia,ZEAL of proud,https://youtu.be/LKvJhHQN4Y8
697,roselia,Singing “OURS”,https://youtu.be/rGkei9v-jz4
698,roselia,競宴Red×Violet,https://youtu.be/fAYoLTda5Uo
699,roselia,overtuRe,https://youtu.be/ZbI7Cfdo4ZM
700,roselia,Proud of oneself,https://youtu.be/QJ5DMiLGliA
701,roselia,Sing Alive,https://youtu.be/2zRyFvvZa-g
702,roselia,Swear ～Night & Day～,https://youtu.be/q9g4jk1-XCs
703,roselia,Reweave (Cover),https://youtu.be/NOIUNyfVnbI
704,roselia,ヒバナ -Reloaded- (Cover),https://youtu.be/_8_h1aTcH-c
705,roselia,ファタール (Cover),https://youtu.be/B8Twg8j4a1A
706,roselia,HONEY (Cover),https://youtu.be/frI2-4pnOrw
707,roselia,悪魔の子 (Cover),https://youtu.be/kHdgtPHuya8
708,roselia,slash (Cover),https://youtu.be/gtVeDq1y0R4
709,roselia,右肩の蝶 (Cover),https://youtu.be/XfrqZWj8jD0
710,roselia,乙女解剖 (Cover),https://youtu.be/c6pS6PEjk4c
711,roselia,六兆年と一夜物語 (Cover),https://youtu.be/xnlJkmRhi3Q
712,roselia,残酷な天使のテーゼ (Cover),https://youtu.be/wiuhDFE6h0Y
713,roselia,海色 (Cover),https://youtu.be/ohmlUNGuGP0
714,roselia,ETERNAL BLAZE (Cover),https://youtu.be/mfYOideAJ30
715,roselia,魂のルフラン (Cover),https://youtu.be/f1nfxEw-A24
716,roselia,This game (Cover),https://youtu.be/6zCxyy2HERM
717,roselia,スカイクラッドの観測者 (Cover),https://youtu.be/jFaVomJ6IRk
718,roselia,シャルル (Cover),https://youtu.be/cn4pKTcLNwQ
719,roselia,新時代 (Cover),https://youtu.be/TLnpE1QLVBs
720,roselia,革命デュアリズム (Cover),https://youtu.be/RKJtSnR-7cY
721,roselia,Red fraction (Cover),https://youtu.be/SF1JjeTPbU4
722,roselia,深愛 (Cover),https://youtu.be/MOVw2hYsZcg
723,roselia,Paradisus‐Paradoxum (Cover),https://youtu.be/A12CMqrBFSw
724,roselia,Realize (Cover),https://youtu.be/bfWK5imos6A
725,roselia,Preserved Roses (Cover),https://youtu.be/rB5eL98q6f8
726,roselia,My Dearest (Cover),https://youtu.be/PeeD7-Mek8k
727,roselia,Shangri-La (Cover),https://youtu.be/vpj8rTjY_dw
728,roselia,KING (Cover),https://youtu.be/mR86Quw762c
729,roselia,擬態ごっこ (Cover),https://youtu.be/-3HDhazL-FA
730,mugendai_mutype,Face The Next,https://youtu.be/6PpzqcesklA
731,mugendai_mutype,TearJerker,https://youtu.be/T8ynAJWmPtM
732,mugendai_mutype,一番のひかり,https://youtu.be/9YjehFo3hAw
733,mugendai_mutype,うちゅうのふしぎ,https://youtu.be/TedsUWY90Vs
734,millsage,unravel (Cover),https://youtu.be/uZh2qHvJFTI
735,mygo,シャルル (Cover),https://youtu.be/IKtjzy0uDkQ
736,various_artists,supremacy「disobedience」,https://youtu.be/LQMZyNKpo60
737,mugendai_mutype,夢はトゥルーエンド！,https://youtu.be/eZG4sXy0zPM
738,afterglow,"Right Here, Right Now",https://youtu.be/NP70bwVYHcQ
739,afterglow,The Night We Chose Us,https://youtu.be/HtWqMnotCaE
740,millsage,青のすみか (Cover),https://youtu.be/XYpcz_mI4ck
741,ikka_dumb_rock,イケナイ太陽 (Cover),https://youtu.be/Gwwcu8sSIkM
742,millsage,everscape,https://youtu.be/LbOaI74huzE
743,afterglow,Keep Me in the Feeling,https://youtu.be/pasFqCnn5E0
744,ikka_dumb_rock,ジャイアント・キラー・チューン,https://youtu.be/KiDSrEjBFLI
745,mygo,青春コンプレックス / MyGO!!!!! cover ver. (Cover),https://youtu.be/V_PDo4_K8OI
746,mugendai_mutype,in my words,https://youtu.be/keIRgf-YfSI
747,mugendai_mutype,愛は衝動,https://youtu.be/5NZp6NKhhlQ
748,roselia,この蒼き闇と光,https://youtu.be/IOTOr1UCyis
749,ikka_dumb_rock,革命道中 (Cover),https://youtu.be/EE7e5k6L6GI
750,ikka_dumb_rock,「革命道中」 Covered by 一家Dumb Rock! (Cover),https://youtu.be/RQ9JDmerqTo
751,ave_mujica,"A Song Of Romance (from EP ""神の名を"")",https://youtu.be/4VpXO2CggJU
752,mugendai_mutype,にこいちミライ,https://youtu.be/BaIPr07exA0
753,millsage,「Pretender」 Covered by millsage (Cover),https://youtu.be/FZhB4f7wmzk
754,ikka_dumb_rock,Mela! (Cover),https://youtu.be/rmi0j52kraA
755,ikka_dumb_rock,微笑みの爆弾 (Cover),https://youtu.be/glYNdiILfYA
756,ikka_dumb_rock,「微笑みの爆弾」 Covered by 一家Dumb Rock! (Cover),https://youtu.be/5t1L-lA1cxM
757,millsage,Stellar Stellar (Cover),https://youtu.be/OT11qQyv9xU
758,millsage,「Stellar Stellar」Covered by millsage (Cover),https://youtu.be/ygfd-2Be0DA
759,mugendai_mutype,オリオンをなぞる (Cover),https://youtu.be/1_WyE1U0f4E
760,ave_mujica,Abracadabra (Cover),https://youtu.be/-3cP_Y3tQYQ
761,mugendai_mutype,オリオンをなぞる【Covered by 夢限大みゅーたいぷ】 (Cover),https://youtu.be/ekZUC5KaJFw
762,mygo,ないものねだり / MyGO!!!!! cover ver. (Cover),https://youtu.be/07Qzp6RlybE
