band,idx,song,duration_s,harmonic_ratio,centroid,rolloff,flatness,contrast,flux,zcr,rms,tempo_excerpt,mode_score,key,voiced_frac_mix
afterglow,0,ON YOUR MARK,241.6,0.62773,2605.57641,5395.97848,0.02875,21.64183,1.24574,0.12456,0.31677,123.04688,0.28223,Amaj,0.29928
afterglow,1,That Is How I Roll!,239.6,0.67244,2890.74679,5680.16565,0.04254,21.90067,1.27923,0.15562,0.27143,117.45384,0.07978,Dmaj,0.51445
afterglow,2,SENSENFUKOKU,246.5,0.65763,2654.32859,5583.74957,0.03037,21.57486,1.27906,0.12697,0.24946,135.99918,0.02075,Fmaj,0.34778
afterglow,3,I knew it!,291.3,0.72281,2467.6521,4791.71547,0.03049,21.14698,1.10984,0.13296,0.28898,99.38401,0.28963,Amaj,0.65583
afterglow,4,ツナグ、ソラモヨウ,248.9,0.67873,2568.00732,5260.94041,0.02855,21.43214,1.27643,0.12428,0.28048,129.19922,0.2626,Emaj,0.40557
afterglow,5,Hey-day狂騒曲(カプリチオ),233.7,0.6841,3054.31926,6300.57301,0.05357,21.1258,1.27334,0.15857,0.2897,151.99908,-0.07085,Dmin,0.4324
afterglow,6,"Easy come, Easy go!",243.4,0.69627,2548.78515,5239.27943,0.03005,21.42082,1.16165,0.12858,0.29572,135.99918,0.38069,Dmaj,0.21259
afterglow,7,Sasanqua,236.8,0.76064,2441.06308,4944.20344,0.02364,22.23766,1.22646,0.11668,0.2676,99.38401,0.37115,C#maj,0.61868
afterglow,8,RED RED RED,224.4,0.74699,2731.07628,5699.34887,0.03646,21.57782,1.08406,0.13931,0.25066,123.04688,0.09156,C#maj,0.62487
afterglow,9,ONE OF US,282.3,0.60008,2730.98451,5467.19472,0.03758,21.51021,1.25456,0.14222,0.22753,103.35938,-0.30065,Gmin,0.25181
afterglow,10,Y.O.L.O!!!!!,270.9,0.63572,2840.19355,5696.56,0.04137,21.14914,1.28779,0.15428,0.27018,143.55469,-0.02615,Cmin,0.34365
afterglow,11,Scarlet Sky,229.0,0.7256,2795.98396,5543.24981,0.03649,22.15934,1.14183,0.14503,0.31004,123.04688,0.20253,Amaj,0.56037
afterglow,12,Off we go.,251.8,0.72701,2279.76523,4844.44848,0.01794,22.05163,1.31233,0.09343,0.28844,117.45384,0.19098,Cmaj,0.6517
afterglow,14,SWITCH ON NOW,207.3,0.71228,2752.99537,5993.59154,0.03555,21.27474,1.20915,0.12998,0.30904,135.99918,-0.02717,G#min,0.52374
afterglow,15,ランブリングメモリー,325.0,0.67636,2643.15725,5243.85162,0.02611,22.62905,1.17177,0.13999,0.26933,123.04688,0.26601,Emaj,0.46027
afterglow,16,COMIC PANIC!!!,280.5,0.54006,2899.32447,5764.23737,0.04155,21.32148,1.35633,0.15916,0.29345,103.35938,0.22186,Fmaj,0.20898
afterglow,19,カナユメ,307.5,0.75673,2316.7969,4623.57204,0.01754,22.53796,1.16692,0.10613,0.29316,123.04688,0.19974,Dmaj,0.71517
afterglow,20,独創収差,276.3,0.77162,2489.19343,4911.55919,0.02828,21.80971,1.19221,0.12709,0.32289,129.19922,0.31901,Dmaj,0.51135
afterglow,21,極彩色,238.6,0.67797,2711.96634,5723.22095,0.0355,21.62698,1.25355,0.12789,0.28668,123.04688,0.32316,Dmaj,0.38958
afterglow,22,サクラゼンセン,249.3,0.73761,2368.50099,5208.72406,0.01795,22.22851,1.2665,0.09498,0.28644,135.99918,-0.35032,F#min,0.56398
afterglow,23,True color,253.3,0.77688,2626.8287,5311.06233,0.02556,22.36201,1.2079,0.12222,0.32091,107.66602,0.07143,Dmaj,0.70124
afterglow,24,Crow Song,244.2,0.62117,2804.16584,5299.29018,0.04116,21.58633,1.12923,0.16239,0.29698,117.45384,0.02683,D#maj,0.11507
afterglow,25,カサブタ,196.7,0.73165,2522.10118,5012.65858,0.02905,21.58355,1.21492,0.13012,0.28256,117.45384,0.10825,Amaj,0.40506
afterglow,27,Northern lights,209.1,0.7264,2446.8846,4938.89791,0.02437,21.69176,1.24356,0.12312,0.30282,135.99918,-0.27579,Amin,0.42621
afterglow,29,Reach Out To The Truth,171.5,0.69513,2740.89091,5758.92629,0.03339,20.83771,1.17807,0.1293,0.30358,112.34715,-0.12586,Bmin,0.63467
afterglow,30,Listen!!,227.5,0.63067,2563.92174,5360.00648,0.02996,21.26805,1.28701,0.12345,0.28985,117.45384,0.12429,Amaj,0.35036
afterglow,31,青い栞,336.8,0.78474,2093.99368,4578.48343,0.01136,23.53501,1.25383,0.08305,0.2427,129.19922,0.30375,Bmaj,0.79876
afterglow,32,イマジネーション,178.0,0.62223,2677.33299,5794.26496,0.03108,21.67805,1.29334,0.12868,0.27178,135.99918,-0.03484,G#min,0.37255
afterglow,33,Butter-Fly,250.2,0.69988,2816.18565,5945.0585,0.03849,21.67334,1.19912,0.13718,0.32498,112.34715,0.05063,G#maj,0.32353
afterglow,34,燦々,194.9,0.73759,2602.98069,5419.5839,0.03144,21.73525,1.27428,0.12939,0.28961,99.38401,0.12273,Emaj,0.56863
afterglow,35,That's why I'm here.,261.9,0.65175,2373.50325,5077.60263,0.02285,21.05314,1.28743,0.10501,0.31867,123.04688,0.03619,Bmaj,0.33849
afterglow,37,ペトリコール・オベーション,219.1,0.6559,2331.85839,4813.28756,0.0198,21.42265,1.24419,0.10398,0.31897,123.04688,0.03052,Fmaj,0.49071
afterglow,38,Made My Day,244.0,0.74844,2318.89249,4981.78099,0.01768,21.60014,1.28269,0.09861,0.34067,129.19922,0.40367,Fmaj,0.55624
afterglow,39,Glowing After,254.5,0.71836,2671.06915,5560.91637,0.03067,22.28784,1.34742,0.12402,0.31358,99.38401,-0.1154,F#min,0.2451
afterglow,40,A Sunset So Bright,231.1,0.80109,2828.67004,5857.60902,0.0358,21.29044,1.21823,0.12852,0.36514,129.19922,-0.07916,Emin,0.78535
afterglow,42,“Say cheese!!!!!”,261.1,0.81332,2774.73345,5794.51496,0.02896,22.23578,1.32971,0.11045,0.33985,117.45384,0.12931,Emaj,0.58514
afterglow,43,花笑みのデュオ,250.3,0.73552,2889.77304,6043.27457,0.03995,22.00413,1.29902,0.12832,0.36421,99.38401,0.00438,Gmaj,0.21053
afterglow,44,READY STEADY GO (Cover),221.3,0.65972,2884.39817,5730.51535,0.04432,21.21941,1.20408,0.15488,0.28694,143.55469,0.3028,Emaj,0.2807
afterglow,45,abnormalize (Cover),219.0,0.70417,2586.18883,5444.90596,0.02655,21.49091,1.2796,0.11756,0.29749,117.45384,-0.33867,Dmin,0.63571
afterglow,46,メンタルチェンソー (Cover),177.4,0.62851,2350.165,4882.70381,0.02145,21.16294,1.39064,0.10875,0.30789,123.04688,-0.0795,Dmin,0.60268
afterglow,47,Bunny Girl (Cover),217.2,0.61104,2775.83427,5932.75857,0.03098,22.3689,1.52331,0.12188,0.26709,107.66602,-0.07211,G#min,0.37461
afterglow,48,オレンジ (Cover),235.6,0.69664,2803.64855,5626.21042,0.03685,22.22963,1.35006,0.13158,0.31389,135.99918,0.36609,Gmaj,0.39319
afterglow,49,カゲロウデイズ (Cover),233.7,0.81471,2645.93809,5765.50958,0.02557,22.16198,1.36526,0.09387,0.29829,99.38401,0.21846,Fmaj,0.50619
afterglow,50,DAY×DAY (Cover),219.1,0.73334,2948.67567,5809.07598,0.04486,21.68939,1.23346,0.15931,0.3207,95.70312,0.04629,Gmaj,0.20485
afterglow,51,ロキ (Cover),230.0,0.65907,2469.88373,4863.08726,0.02387,21.58162,1.24331,0.13485,0.27804,151.99908,0.04765,Emaj,0.34985
afterglow,52,CHAINSAW BLOOD (Cover),203.1,0.58158,2379.17999,4790.39326,0.02053,21.7198,1.41612,0.1147,0.26314,143.55469,-0.09147,Amin,0.24045
afterglow,53,チルドレンレコード (Re:boot) (Cover),189.7,0.63008,2689.62714,5528.12768,0.03413,20.99407,1.31846,0.13541,0.27765,103.35938,-0.12879,Emin,0.39886
afterglow,54,青のすみか (Cover),197.4,0.73919,2692.64442,5488.73903,0.0309,22.54585,1.27563,0.12389,0.26432,151.99908,0.19695,F#maj,0.56863
afterglow,55,GO!!! (Cover),239.7,0.65206,2630.94528,5164.41322,0.0318,21.48245,1.27642,0.13763,0.30221,135.99918,0.31826,Fmaj,0.49381
afterglow,56,天ノ弱 (Cover),187.8,0.6623,2346.96204,4825.1986,0.02198,21.57063,1.29723,0.11335,0.31174,135.99918,0.10842,C#maj,0.32714
afterglow,57,アスノヨゾラ哨戒班 (Cover),192.0,0.7706,2715.98375,5939.63631,0.03322,21.13364,1.27683,0.11534,0.28988,123.04688,0.38516,Amaj,0.86842
afterglow,58,瞬間センチメンタル (Cover),230.9,0.6051,2741.88896,5639.93256,0.03395,21.36142,1.23977,0.1344,0.29629,112.34715,0.02564,Amaj,0.25542
afterglow,59,プライド革命 (Cover),238.5,0.58676,2735.76127,5565.58301,0.03448,21.56563,1.27059,0.1388,0.2359,123.04688,0.23664,Emaj,0.22755
afterglow,60,命に嫌われている。 (Cover),274.1,0.62466,2380.85837,4853.13732,0.02282,21.27836,1.37314,0.11103,0.29312,99.38401,0.21804,Cmaj,0.1935
afterglow,61,Redo (Cover),261.6,0.68637,2634.73247,5256.19044,0.03015,21.91283,1.23651,0.13611,0.26602,129.19922,-0.13088,Cmin,0.4773
afterglow,62,インフェルノ (Cover),214.2,0.67684,2628.44253,5616.74381,0.03301,21.28932,1.20861,0.11861,0.27278,123.04688,0.13672,Amaj,0.5356
afterglow,63,ドラマツルギー (Cover),238.6,0.65857,2279.56606,4465.88966,0.02071,21.37148,1.29988,0.11664,0.31125,99.38401,-0.18624,F#min,0.31785
afterglow,64,COLORS (Cover),218.8,0.72577,2340.961,4724.93254,0.01775,22.16231,1.13091,0.12028,0.2727,135.99918,0.11326,C#maj,0.48762
afterglow,65,午夜の待ち合わせ (Cover),171.5,0.62115,2692.94257,5529.26101,0.03492,21.64433,1.23681,0.1349,0.28407,95.70312,-0.01643,G#min,0.5129
afterglow,66,サムライハート（Some Like It Hot!!） (Cover),190.6,0.69887,2337.36369,4414.82886,0.02149,22.21674,1.31023,0.133,0.28305,112.34715,0.10386,Gmaj,0.3452
afterglow,67,ベノム (Cover),198.5,0.60932,2775.57708,5732.85422,0.03939,21.09075,1.33827,0.14171,0.26658,151.99908,0.1646,G#maj,0.4386
afterglow,68,Don't say “lazy” (Cover),275.7,0.60559,3058.07802,6180.24596,0.05809,21.17911,1.21385,0.1679,0.27538,123.04688,-0.10227,Emin,0.48916
afterglow,69,Part of the Life,88.7,0.73175,2630.29749,5324.77336,0.03124,21.92375,1.28394,0.12174,0.34281,123.04688,0.00481,Bmaj,0.29876
afterglow,70,Punchline Halloween!!!,234.2,0.72601,2407.51474,5254.36267,0.02188,21.50312,1.2607,0.10301,0.28696,117.45384,0.00116,Cmaj,0.33901
afterglow,71,I love your way！,263.7,0.67835,2683.89576,5523.2666,0.03329,21.45321,1.18536,0.13421,0.30806,129.19922,-0.07998,F#min,0.45614
ave_mujica,72,KiLLKiSS,208.8,0.72307,2478.96987,5098.44695,0.03219,21.39799,1.19894,0.12058,0.39788,135.99918,-0.23625,Emin,0.21517
ave_mujica,73,"Georgette Me, Georgette You",234.7,0.81284,2241.02086,4687.90499,0.01865,23.05005,1.09056,0.0998,0.32851,95.70312,-0.01165,C#min,0.46078
ave_mujica,74,Imprisoned XII,192.2,0.77539,2037.10785,4256.43537,0.01426,24.17641,1.30751,0.08287,0.16883,103.35938,0.04663,Cmaj,0.64654
ave_mujica,75,Crucifix X,299.0,0.72753,2721.63061,5820.57036,0.03289,21.86838,1.1874,0.12317,0.30932,103.35938,0.02499,Fmaj,0.46182
ave_mujica,76,八芒星ダンス,231.5,0.70931,3103.10508,6476.78306,0.05449,20.83447,1.26655,0.14578,0.34368,112.34715,0.0118,C#maj,0.37513
ave_mujica,77,顔,242.2,0.73567,3101.57739,6533.9716,0.05348,20.98165,1.28647,0.14166,0.35327,143.55469,-0.15457,F#min,0.42724
ave_mujica,78,天球のMúsica,280.3,0.84073,2586.92125,5396.53959,0.02926,23.26991,1.09411,0.11715,0.34405,129.19922,0.12481,Fmaj,0.39732
ave_mujica,79,黒のバースデイ,234.3,0.64108,2603.53508,5306.61791,0.03546,21.09535,1.42135,0.1219,0.36637,99.38401,-0.13868,D#min,0.28483
ave_mujica,80,ふたつの月 ~Deep Into The Forest~,304.9,0.74596,2693.70624,5421.53388,0.03466,21.80469,1.23766,0.12388,0.32307,117.45384,-0.15946,Emin,0.28483
ave_mujica,82,神さま、バカ,224.0,0.72716,2416.70595,4886.04823,0.02598,22.14831,1.2074,0.11069,0.36569,123.04688,-0.26096,Dmin,0.46956
ave_mujica,83,Mas?uerade Rhapsody Re?uest,249.8,0.72291,2513.21439,5033.58623,0.0307,21.24537,1.24518,0.12225,0.3727,95.70312,-0.04066,G#min,0.27193
ave_mujica,84,Ave Mujica,278.0,0.72912,2373.43051,4811.07091,0.02432,22.21759,1.27217,0.1099,0.11084,112.34715,-0.33719,Gmin,0.39886
ave_mujica,85,Symbol I : △,312.2,0.80834,2754.60497,5743.26527,0.03961,21.72739,1.15554,0.1289,0.43492,117.45384,-0.07241,F#min,0.23736
ave_mujica,86,Symbol II : Air,212.8,0.68485,2939.43644,6207.14024,0.05272,20.91981,1.24081,0.13847,0.41544,99.38401,-0.10902,Emin,0.26006
ave_mujica,87,Symbol III : ▽,256.9,0.92432,1715.87635,3501.89549,0.00601,25.22457,1.25304,0.0745,0.28291,95.70312,0.0158,Gmaj,0.68111
ave_mujica,88,Symbol IV : Earth,239.1,0.81247,2615.28748,5538.82206,0.03207,21.61866,1.14716,0.11342,0.40146,99.38401,-0.00241,Cmin,0.43963
ave_mujica,89,Ether,285.7,0.81985,2790.28091,5787.14278,0.04019,21.71198,1.17391,0.12427,0.39528,123.04688,0.00821,C#maj,0.61558
ave_mujica,90,The Whole Blue World,257.3,0.81903,2375.16685,4998.41978,0.02557,20.97495,1.41797,0.09607,0.32701,99.38401,0.04929,C#maj,0.81166
ave_mujica,91,in your blue eyes,222.8,0.82271,2207.71891,4674.99395,0.01485,22.75139,1.14969,0.08717,0.31821,143.55469,-0.08697,Dmin,0.6419
ave_mujica,92,素晴らしき世界 でも どこにもない場所,269.5,0.7425,2485.87261,5212.11848,0.02585,22.08383,1.26414,0.10884,0.33219,135.99918,-0.02895,Cmin,0.35965
ave_mujica,93,Angles,275.1,0.8418,2396.37529,5309.55678,0.01863,22.32362,1.11442,0.08598,0.36688,129.19922,0.12882,Bmaj,0.63003
ave_mujica,96,‘S/’ The Way,227.5,0.77194,2598.19936,5450.66704,0.03048,21.32868,1.15711,0.11346,0.41858,107.66602,-0.26254,Emin,0.52528
ave_mujica,97,碧い瞳の中に,224.0,0.82118,2129.01784,4569.84459,0.01293,22.79025,1.15367,0.08063,0.27154,143.55469,-0.07472,Dmin,0.64499
ave_mujica,98,堕天 (Cover),183.8,0.66861,2770.27769,5949.2918,0.04266,21.41807,1.32603,0.12696,0.36218,103.35938,0.00832,Emaj,0.07327
ave_mujica,99,KINGS (Cover),317.6,0.73014,2333.49743,4939.72013,0.02266,22.19521,1.33243,0.10261,0.37533,117.45384,-0.00536,G#min,0.09856
ave_mujica,100,暗黒天国 (Cover),265.3,0.70036,2490.16237,5287.26803,0.02583,22.02311,1.36144,0.10516,0.3449,95.70312,-0.14905,Fmin,0.32611
hello_happy_world,106,キミがいなくちゃっ！,243.8,0.73866,2492.94018,5082.95815,0.02324,23.03091,1.28499,0.12024,0.2721,123.04688,0.20632,Dmaj,0.21672
hello_happy_world,107,ハイファイブ∞あどべんちゃっ,272.4,0.73756,3047.24127,6335.28947,0.04881,22.14684,1.23242,0.16027,0.27314,99.38401,0.07927,D#maj,0.35552
hello_happy_world,108,スマイルブーケで た〜まや〜！,272.0,0.82297,2490.27545,5355.18984,0.02023,23.42288,1.23179,0.10917,0.27713,151.99908,0.20707,Emaj,0.46594
hello_happy_world,109,えがお･シング･あ･ソング,249.2,0.71135,2924.60973,5957.76953,0.0397,22.81436,1.32585,0.15557,0.26394,99.38401,-0.0363,G#min,0.32405
hello_happy_world,111,にこ×にこ=ハイパースマイルパワー！,233.3,0.69871,2932.15011,5965.63059,0.0392,22.06364,1.34062,0.14857,0.28244,95.70312,-0.10781,F#min,0.45666
hello_happy_world,114,うぃーきゃん☆フレフレっ！,239.6,0.71428,2739.21259,5810.21487,0.03422,21.99819,1.20588,0.1296,0.27781,117.45384,-0.06407,F#min,0.43395
hello_happy_world,115,えがおのオーケストラっ！,230.2,0.64186,2520.61077,5182.62977,0.02411,22.94225,1.31374,0.12073,0.19645,135.99918,0.22148,A#maj,0.51961
hello_happy_world,116,にこにこねくと！,250.6,0.78284,2437.56908,4996.06423,0.01822,23.88932,1.21728,0.11938,0.21679,112.34715,0.38142,Dmaj,0.5031
hello_happy_world,117,ふぁいぶスマイル◯オールインっ！,246.3,0.72327,2602.36722,5236.06834,0.02543,23.24586,1.28118,0.1381,0.25262,123.04688,0.14586,Amaj,0.49071
hello_happy_world,118,せかいのっびのびトレジャー！,212.7,0.62424,2441.87722,4933.93128,0.02543,22.0712,1.44782,0.1204,0.29672,112.34715,0.16992,Dmaj,0.30908
hello_happy_world,119,きらっ☆と キミフェス！,231.1,0.5859,2866.53536,6055.46338,0.03644,22.76569,1.42421,0.13716,0.25306,129.19922,-0.197,G#min,0.12848
hello_happy_world,120,うちゃパ！で ぱっぴかポーんっ！,217.8,0.76027,2639.00658,5505.66115,0.03155,22.4167,1.27207,0.133,0.287,129.19922,0.34417,Cmaj,0.32714
hello_happy_world,122,ふわふわ☆ゆめいろサンドイッチ,292.0,0.70826,2416.37622,5002.8253,0.01729,23.37177,1.39192,0.12693,0.23056,129.19922,0.24096,Fmaj,0.387
hello_happy_world,123,Happy! Happier! Happiest!,242.9,0.62585,2695.52841,5284.75138,0.03611,21.89898,1.34381,0.14995,0.27543,86.13281,0.32718,Fmaj,0.13571
hello_happy_world,124,現るっ！大怪盗ハロハッピー！,224.1,0.64122,2568.30845,5445.39485,0.02827,22.14259,1.41987,0.11276,0.29492,123.04688,-0.31182,Amin,0.41383
hello_happy_world,125,わちゃ・もちゃ・ぺったん行進曲,233.2,0.70906,2614.12658,5881.38666,0.02457,22.65708,1.39494,0.11155,0.27713,107.66602,0.11836,D#maj,0.64035
hello_happy_world,126,おもいでイルミネーション,252.7,0.60518,3008.28753,6160.3683,0.04851,22.09498,1.27607,0.16298,0.28922,161.49902,0.1554,A#maj,0.24716
hello_happy_world,127,おもいやりハーモニー,231.5,0.76189,2642.32623,5421.96721,0.02576,23.54174,1.31022,0.13177,0.23517,135.99918,0.20983,F#maj,0.45769
hello_happy_world,128,ハピネスっ！ハピィーマジカルっ♪,210.6,0.70802,2871.20788,5696.38778,0.03528,22.97214,1.20087,0.16127,0.27914,92.28516,0.31752,Amaj,0.38854
hello_happy_world,129,えがお、あーゆーれでぃ???,226.3,0.7006,2761.41186,5697.34888,0.04085,22.25654,1.3564,0.13631,0.27406,135.99918,-0.02762,Bmin,0.11352
hello_happy_world,130,ハッピーサマーウェディング,284.7,0.61388,2858.22991,5683.14897,0.03519,22.65957,1.3566,0.15838,0.29122,129.19922,0.35294,Amaj,0.24149
hello_happy_world,132,ハッピー☆マテリアル,225.0,0.65494,2863.85458,5900.26432,0.03527,22.36166,1.5319,0.13868,0.26702,107.66602,0.14696,D#maj,0.31785
hello_happy_world,133,太陽曰く燃えよカオス,239.2,0.67556,2602.04726,5625.14932,0.02687,22.05873,1.58346,0.1116,0.27285,143.55469,0.17858,Gmaj,0.48142
hello_happy_world,134,エクストラ・マジック・アワー,255.3,0.77488,2822.00208,5797.70939,0.03455,22.56254,1.25128,0.13909,0.27503,117.45384,0.30726,D#maj,0.46027
hello_happy_world,135,コレカラ,214.9,0.65314,2916.67524,6144.64618,0.03449,22.35599,1.31451,0.12692,0.27291,161.49902,0.19854,Amaj,0.4097
hello_happy_world,136,全力少年,241.8,0.64292,2724.9107,5670.14905,0.03103,22.65408,1.27605,0.12621,0.25548,135.99918,0.12296,Gmaj,0.36894
hello_happy_world,137,オレンジ,278.4,0.63436,2638.48845,5122.82458,0.02354,23.41938,1.43099,0.13411,0.21588,143.55469,0.3088,Fmaj,0.32559
hello_happy_world,138,Happy Girl,238.1,0.70863,2953.08846,6248.65666,0.0428,22.08009,1.36969,0.13584,0.26622,143.55469,-0.04513,C#min,0.53612
hello_happy_world,139,ン・パカマーチ,156.0,0.69454,2603.5749,5256.22933,0.02654,22.8471,1.44059,0.13013,0.26746,117.45384,0.20593,Dmaj,0.31837
hello_happy_world,141,ボクらの夏's☆ショーたいむっ！！,206.8,0.73607,2611.61461,5419.86167,0.02419,22.31856,1.38925,0.12344,0.2888,117.45384,-0.13336,Dmin,0.5258
hello_happy_world,142,むすんでわらって,242.0,0.64579,2935.69627,6220.00128,0.03665,22.24971,1.35189,0.13465,0.23862,129.19922,0.04527,Cmaj,0.31011
hello_happy_world,143,キミを れっつ・はぶ・ふぁん♪,235.0,0.69725,2695.66732,5672.28237,0.02696,23.09896,1.37803,0.12453,0.30655,161.49902,0.10504,Emaj,0.50929
hello_happy_world,144,らいふ・いず・みゅーじかるっ♪♪♪,237.7,0.72229,2774.67332,5458.81144,0.03129,23.32948,1.22532,0.15048,0.24276,135.99918,0.14836,Amaj,0.30547
hello_happy_world,145,れっつ・スマイル・すとり〜みんぐっ♪,227.6,0.77834,2682.00478,5743.71527,0.02719,22.21559,1.20665,0.12017,0.34883,151.99908,0.22176,Emaj,0.40248
hello_happy_world,146,やっほー！いっぽ！わんだふぉー！,212.3,0.61638,2715.46479,5728.89314,0.03451,21.75165,1.46157,0.1313,0.30718,161.49902,0.43049,G#maj,0.23787
hello_happy_world,147,とーくとぅみー・とーくとぅゆー,208.6,0.74656,2878.18918,6238.00117,0.03937,21.5355,1.20223,0.13107,0.35445,135.99918,-0.13105,Gmin,0.29979
hello_happy_world,148,ハイタッチ／＼びりーばーず☆,254.4,0.66896,2813.51304,5989.24156,0.02705,23.17205,1.43375,0.1417,0.28846,112.34715,0.05275,Cmaj,0.32817
hello_happy_world,149,Listen to Smile!,244.2,0.76726,2352.42111,5028.74737,0.01856,23.05407,1.26449,0.10932,0.29845,129.19922,0.31604,Gmaj,0.44014
hello_happy_world,150,スマイリーキャロル,247.1,0.73556,2550.77831,5446.18929,0.0224,23.39436,1.22222,0.11639,0.27913,112.34715,0.15053,Fmaj,0.49536
hello_happy_world,151,えがお、み〜っけた！,270.2,0.63817,2577.90067,5143.19668,0.02663,22.8791,1.34912,0.12453,0.23134,143.55469,0.00611,Gmaj,0.22807
hello_happy_world,152,上海ハニー (Cover),178.2,0.61243,2914.55663,5943.42517,0.04731,22.12797,1.40985,0.15569,0.22174,129.19922,-0.04732,Amin,0.19195
hello_happy_world,153,シル・ヴ・プレジデント (Cover),193.5,0.72703,3144.11734,6607.61004,0.04184,22.55033,1.60383,0.14004,0.23821,117.45384,0.17448,G#maj,0.33024
hello_happy_world,154,ヒャダインのじょーじょーゆーじょー (Cover),251.1,0.6426,2690.11691,5531.53322,0.03691,22.0716,1.44975,0.13555,0.25688,99.38401,-0.08284,Amin,0.12436
hello_happy_world,155,はいよろこんで (Cover),160.2,0.66215,2288.16827,4866.54835,0.01879,22.71584,1.58005,0.10106,0.26541,143.55469,-0.25355,C#min,0.54438
hello_happy_world,156,シカ色デイズ (Cover),202.2,0.5324,2932.20805,5952.73067,0.0386,22.56853,1.80104,0.1547,0.25082,123.04688,-0.08435,Gmin,0.32972
hello_happy_world,157,強風オールバック (Cover),135.1,0.58098,3079.41385,6414.52788,0.04187,22.96668,1.84941,0.13786,0.24695,135.99918,0.03265,Gmaj,0.12745
hello_happy_world,158,最高到達点 (Cover),226.7,0.73086,2630.08535,5420.26167,0.0286,22.60357,1.22486,0.1313,0.24928,129.19922,0.2735,Fmaj,0.6775
hello_happy_world,159,許婚っきゅん (Cover),177.5,0.6749,2474.81706,5351.01764,0.02044,22.50222,1.55059,0.10167,0.25701,143.55469,-0.03024,Bmin,0.46801
hello_happy_world,160,新宝島 (Cover),251.2,0.63812,2920.98541,5993.14154,0.04303,22.88205,1.39181,0.15094,0.29441,161.49902,0.04558,Dmaj,0.28586
hello_happy_world,161,ドレミファロンド (Cover),200.6,0.6522,2500.9405,5276.31254,0.02207,22.50569,1.37225,0.11331,0.2304,123.04688,0.33317,D#maj,0.68266
hello_happy_world,162,きゅうくらりん (Cover),214.8,0.62928,2301.0124,4840.56517,0.02269,21.98553,1.37354,0.10526,0.31146,112.34715,-0.19218,Dmin,0.39577
hello_happy_world,163,ロメオ (Cover),320.2,0.71864,2942.4834,6358.57266,0.03834,22.96235,1.26067,0.14546,0.26258,143.55469,0.07316,D#maj,0.30805
hello_happy_world,164,エイリアンエイリアン (Cover),183.1,0.68683,3030.11389,6378.36699,0.03902,22.24086,1.40179,0.15039,0.22914,151.99908,-0.07596,C#min,0.69659
hello_happy_world,165,いーあるふぁんくらぶ (Cover),239.7,0.64113,2788.91756,5840.28691,0.03619,22.00375,1.35957,0.13546,0.25386,143.55469,-0.07155,Dmin,0.52322
hello_happy_world,166,回レ！雪月花 (Cover),234.8,0.67342,2831.59295,5721.2654,0.04031,21.81732,1.4143,0.14495,0.2445,107.66602,-0.15209,Cmin,0.33385
hello_happy_world,167,恋愛裁判 (Cover),223.1,0.65633,2636.66502,5439.12267,0.03312,22.34822,1.40911,0.13452,0.24417,135.99918,0.05524,Emaj,0.27503
hello_happy_world,168,TOMORROW (Cover),274.9,0.7302,2782.40266,5655.74913,0.03291,22.63248,1.27353,0.13703,0.25955,135.99918,0.03372,Fmaj,0.67131
hello_happy_world,169,GO! GO! MANIAC (Cover),249.1,0.63869,3052.93192,6109.15195,0.05036,21.94855,1.38187,0.16615,0.27917,123.04688,-0.12157,G#min,0.1904
hello_happy_world,170,Dragon Night (Cover),228.7,0.69085,2713.76108,5639.52701,0.03405,22.33126,1.41609,0.12511,0.19806,123.04688,0.12192,D#maj,0.13983
hello_happy_world,171,ようこそジャパリパークへ (Cover),206.2,0.69086,2602.27828,5336.45662,0.02906,22.13145,1.37021,0.12866,0.30026,112.34715,0.19118,Fmaj,0.4742
hello_happy_world,172,ウィーアー！ (Cover),241.1,0.72008,2443.10163,4834.48743,0.02143,22.83402,1.20603,0.13069,0.29113,112.34715,0.12,Gmaj,0.51703
hello_happy_world,173,おジャ魔女カーニバル!! (Cover),217.4,0.60384,2678.26891,5383.28967,0.02861,22.77762,1.34254,0.1361,0.22539,143.55469,0.10868,D#maj,0.242
hello_happy_world,174,ダーリンダンス (Cover),207.6,0.70036,2885.28356,5951.36957,0.03748,21.6174,1.54405,0.12515,0.28441,151.99908,-0.13233,F#min,0.35191
hello_happy_world,175,ノーポイッ！ (Cover),243.0,0.70123,2788.90349,5836.66471,0.03566,22.57225,1.48758,0.1303,0.28415,161.49902,0.118,Bmaj,0.29309
hello_happy_world,176,SHINY DAYS (Cover),262.6,0.64255,2578.75517,5250.19048,0.02566,23.10115,1.38603,0.12688,0.26479,112.34715,0.04304,F#maj,0.4128
ikka_dumb_rock,178,ホーミー・タイッ！！,215.4,0.69565,2919.50317,5731.94312,0.04457,21.4898,1.25101,0.15815,0.35494,129.19922,-0.08529,Dmin,0.39783
millsage,179,起死開戦,195.3,0.70511,2484.23937,5533.77765,0.02707,21.46811,1.20849,0.10566,0.335,112.34715,-0.01248,C#min,0.17595
morfonica,180,Daylight -デイライト-,357.3,0.75054,3027.59158,5873.31448,0.05378,21.53355,1.08665,0.16234,0.28715,123.04688,0.00297,Cmaj,0.2838
morfonica,181,メランコリックララバイ,216.1,0.84723,2953.44515,6066.11332,0.03198,22.1151,1.28437,0.12222,0.29082,123.04688,-0.09297,Fmin,0.33901
morfonica,182,flame of hope,252.9,0.82429,2897.85407,5840.20357,0.03765,22.05393,1.24402,0.13308,0.30049,129.19922,-0.05164,Amin,0.23323
morfonica,184,カラフルリバティー,218.8,0.85073,2837.09175,5926.86972,0.02474,22.37545,1.30921,0.11047,0.30102,92.28516,-0.0327,G#min,0.66305
morfonica,185,fly with the night,240.7,0.8546,2802.11774,5827.35921,0.02607,23.25205,1.14747,0.12089,0.26165,112.34715,0.1377,Amaj,0.37049
morfonica,186,金色へのプレリュード,271.2,0.798,2614.91753,5260.49597,0.02358,22.73746,1.26863,0.12222,0.30045,117.45384,-0.0505,Bmin,0.30237
morfonica,187,The Circle Of Butterflies,258.8,0.69833,2333.28483,4888.42044,0.0207,22.19743,1.2354,0.11268,0.27966,117.45384,0.36125,Bmaj,0.23839
morfonica,188,ハーモニー・デイ,219.2,0.86485,2789.43591,5842.648,0.02754,22.86515,1.29084,0.11571,0.25206,123.04688,0.14405,D#maj,0.47007
morfonica,189,Sweet Cheers!,224.3,0.90649,2297.60387,5015.11967,0.01101,23.73633,1.26959,0.07748,0.30636,112.34715,0.08334,Gmaj,0.58153
morfonica,190,"寄る辺のSunny, Sunny",216.0,0.80672,2746.34721,5740.70418,0.02831,22.3496,1.22579,0.12056,0.31468,92.28516,-0.15709,Amin,0.45975
morfonica,191,誓いのWingbeat,255.0,0.8249,2907.20406,5923.65307,0.03183,22.01454,1.18669,0.12414,0.32107,103.35938,-0.1468,Amin,0.42931
morfonica,192,Ever Sky Blue,241.1,0.84902,2780.34289,5716.88765,0.02745,22.59369,1.24054,0.11654,0.30258,129.19922,-0.14495,G#min,0.32405
morfonica,193,Polyphonyscape,251.4,0.71525,2990.57966,6066.35776,0.04192,22.69997,1.29307,0.14317,0.30603,103.35938,0.13658,F#maj,0.33127
morfonica,194,Wreath of Brave,263.2,0.8362,2730.02456,5633.26594,0.0261,22.88772,1.23419,0.1193,0.29338,135.99918,0.10108,Bmaj,0.62693
morfonica,195,Merry Merry Thanks!!,257.7,0.71694,2863.57219,6022.93025,0.03644,21.89475,1.15168,0.12233,0.31713,143.55469,0.14509,Bmaj,0.51187
morfonica,196,Sonorous,313.3,0.87437,2767.46273,5729.30424,0.02521,23.03435,1.13354,0.12198,0.2741,129.19922,0.16225,Gmaj,0.242
morfonica,197,両翼のBrilliance,239.8,0.85432,2699.70464,5752.78744,0.02567,22.30183,1.17974,0.10714,0.33611,112.34715,-0.25448,Amin,0.64396
morfonica,198,Steer to Utopia,216.3,0.82636,2872.9876,5486.61127,0.03317,22.12958,1.15123,0.13874,0.35367,129.19922,-0.11388,G#min,0.45356
morfonica,199,Fateful...,286.8,0.90754,2670.36386,5768.41512,0.01868,23.24729,1.21303,0.09404,0.28427,129.19922,0.0662,Gmaj,0.65635
morfonica,201,Secret Dawn,238.4,0.8871,2786.11173,5872.9256,0.02307,23.19572,1.20836,0.11168,0.26349,129.19922,-0.00871,Amin,0.50929
morfonica,203,One step at a time,263.7,0.84329,2913.30697,6061.74112,0.03038,22.82749,1.24182,0.12161,0.34106,172.26562,0.18118,Emaj,0.59598
morfonica,204,Tempest,252.2,0.84156,2774.54952,5723.7765,0.02842,22.21265,1.30479,0.1152,0.3066,135.99918,-0.03959,Amin,0.52064
morfonica,205,フレージング ミラージュ,263.6,0.78666,2820.26238,5947.85848,0.02866,21.87684,1.14625,0.11314,0.35376,129.19922,-0.13433,Emin,0.70485
morfonica,206,MUGEN Reverberate!,230.3,0.83115,3083.81148,6455.97763,0.0382,22.32124,1.17129,0.13126,0.24116,123.04688,-0.21828,Bmin,0.56244
morfonica,207,わたしまちがいさがし,273.0,0.69116,3097.5952,6375.35589,0.05063,22.1194,1.1783,0.15258,0.22182,117.45384,0.02167,Cmaj,0.37977
morfonica,208,esora no clover,193.9,0.89763,2634.52109,5880.78666,0.01878,22.56888,1.17641,0.08967,0.30331,107.66602,-0.17447,Amin,0.50413
morfonica,209,きょうもMerry go rounD,238.0,0.78281,2976.79822,6048.71898,0.04367,22.01721,1.22635,0.13624,0.34283,135.99918,-0.09147,C#min,0.48504
morfonica,210,Feathered Dreams,226.4,0.80906,2701.17333,5508.08892,0.02543,22.63455,1.18054,0.11665,0.33435,117.45384,0.02657,Fmaj,0.38493
morfonica,211,Portray Empathy,253.3,0.78354,2806.51376,5437.31712,0.02786,23.11885,1.29517,0.13492,0.34005,172.26562,0.03361,Gmaj,0.45614
morfonica,212,ビューティ・フォー,189.3,0.77637,2688.0525,5838.33692,0.03097,22.0487,1.36252,0.11153,0.3375,99.38401,-0.18289,Bmin,0.57637
morfonica,213,胡蝶翔る星月夜,204.7,0.86519,2547.4042,5236.99611,0.01941,22.60243,1.23412,0.10059,0.28846,135.99918,0.27807,Amaj,0.50568
morfonica,214,Color of Us,233.7,0.85501,2565.68467,5241.66275,0.01956,23.23943,1.24504,0.10912,0.29955,129.19922,0.13674,G#maj,0.45924
morfonica,215,Resonant Strings,240.4,0.74599,3065.266,6580.13799,0.05124,21.45383,1.22389,0.14451,0.31136,129.19922,-0.13526,Amin,0.50052
morfonica,216,Shining Leaves,218.0,0.86753,2753.19832,5607.64387,0.02471,22.77897,1.21505,0.1145,0.34003,123.04688,0.0364,Dmaj,0.4195
morfonica,217,音がえしのセレナーデ,301.8,0.85676,2636.84484,5305.00125,0.02354,22.94782,1.18271,0.11862,0.32105,92.28516,-0.00212,Amin,0.52735
morfonica,218,蒼穹へのトレイル,219.2,0.85394,2741.48217,5650.4325,0.0286,21.90011,1.14522,0.11556,0.34793,129.19922,-0.14632,Gmin,0.57018
morfonica,219,QUEEN (Cover),145.8,0.85468,2782.08119,5747.1708,0.02605,22.5211,1.26814,0.11731,0.34248,112.34715,-0.1573,Gmin,0.53664
morfonica,220,again (Cover),250.8,0.8196,2512.61521,5184.48532,0.02127,22.63738,1.36748,0.1021,0.3249,143.55469,-0.09536,Amin,0.67492
morfonica,221,輪舞-revolution (Cover),273.5,0.79756,2874.59065,5854.00905,0.03244,23.00293,1.2539,0.13778,0.32363,129.19922,-0.19062,Amin,0.45562
morfonica,223,祝福 (Cover),194.3,0.86816,2635.47306,5678.31566,0.0197,23.02955,1.25438,0.10184,0.29507,112.34715,0.02232,Emaj,0.45717
morfonica,224,Overdose (Cover),194.0,0.8281,2578.56954,5591.3773,0.02379,22.33477,1.32369,0.10067,0.28658,117.45384,-0.04419,Amin,0.55986
morfonica,226,chAngE (Cover),249.6,0.7868,2756.1179,5691.96558,0.03044,22.07024,1.28988,0.1241,0.26525,161.49902,-0.17284,Amin,0.4582
morfonica,227,ALIVE (Cover),216.0,0.82208,2955.97947,6039.72459,0.03065,22.71927,1.30268,0.13268,0.33015,117.45384,-0.00401,G#min,0.44892
morfonica,228,Nameless Story (Cover),243.0,0.81459,3025.09607,5938.61965,0.03626,22.52358,1.31822,0.14918,0.3183,129.19922,-0.16611,Amin,0.19814
morfonica,229,青空のラプソディ (Cover),277.4,0.83191,3030.17606,6067.39664,0.03291,22.77757,1.24458,0.14669,0.3463,135.99918,-0.20612,Amin,0.32353
morfonica,231,メリッサ (Cover),256.8,0.79404,2550.31655,5252.70157,0.0212,23.13374,1.3004,0.11803,0.26405,112.34715,-0.09497,Amin,0.38545
morfonica,232,COLORFUL BOX (Cover),238.4,0.80834,2791.28942,5725.2876,0.0268,23.14095,1.28391,0.13129,0.28637,161.49902,-0.10066,Amin,0.50671
morfonica,233,unravel (Cover),237.4,0.86224,2943.44785,5930.14192,0.03389,22.19497,1.14087,0.13356,0.29118,135.99918,0.09667,G#maj,0.35346
morfonica,235,V.I.P (Cover),193.5,0.88768,2673.03744,5682.43231,0.0192,22.57371,1.19936,0.09918,0.30187,123.04688,0.06547,Fmaj,0.57379
morfonica,236,CQCQ (Cover),221.8,0.81322,2851.42664,5517.92774,0.03448,21.73865,1.2934,0.14131,0.28221,143.55469,-0.15429,G#min,0.24923
mugendai_mutype,237,アイの夢限,200.5,0.64958,2246.40648,4823.90416,0.01904,21.82116,1.30313,0.09484,0.28299,117.45384,-0.09863,Emin,0.20743
mugendai_mutype,238,どんがらがっしゃん,196.5,0.61131,2794.79548,5838.38692,0.0397,21.60594,1.35472,0.1369,0.33769,129.19922,-0.14036,Emin,0.19969
mugendai_mutype,239,みゅーたんとミュータント,220.3,0.70183,2553.07745,5859.15346,0.0212,21.96209,2.20821,0.09045,0.27971,151.99908,-0.02238,F#min,0.07534
mugendai_mutype,240,チューニング,196.0,0.7963,2477.85925,5309.66789,0.02957,22.04648,1.10005,0.11091,0.21446,99.38401,0.15002,G#maj,0.30547
mugendai_mutype,241,Dream Voyage,262.3,0.67709,2575.93212,5437.81712,0.02752,22.34536,1.21107,0.11603,0.31944,103.35938,-0.18852,Emin,0.29102
mugendai_mutype,242,グラディエント,201.0,0.67182,2004.66125,4405.87336,0.01209,23.06389,1.41771,0.07278,0.20188,117.45384,0.08556,Gmaj,0.12126
mugendai_mutype,243,LET'Sあちあちトレーニング！,206.5,0.71934,3022.96818,6582.91019,0.03534,21.66342,1.46961,0.12068,0.27002,123.04688,-0.01563,C#min,0.23994
mugendai_mutype,244,真夜中遊園地,230.0,0.7927,3237.88983,7073.40723,0.05298,20.76517,1.27487,0.13834,0.29447,129.19922,-0.2424,Dmin,0.59907
mugendai_mutype,245,テレパシー,254.0,0.77229,1784.32453,3817.18803,0.00967,23.0358,1.58912,0.06353,0.17775,89.10291,0.19554,Cmaj,0.37822
mugendai_mutype,246,TRASH LIFE,213.0,0.73102,2947.09152,6421.73339,0.04454,21.06629,1.49244,0.1241,0.19669,117.45384,0.27601,A#maj,0.26264
mugendai_mutype,247,新人類は仮想世界の夢を見るか?,234.0,0.70863,3198.43427,6895.83608,0.05991,21.03502,1.41047,0.14338,0.2619,89.10291,-0.14085,Emin,0.1677
mugendai_mutype,248,コミュ着火Fire!,185.0,0.72987,3272.95585,7025.05752,0.05582,20.991,1.35489,0.15246,0.25846,99.38401,-0.03825,Fmin,0.14499
mugendai_mutype,249,Calling,182.2,0.79459,2755.63642,6376.52255,0.03038,20.82189,1.35846,0.09761,0.34547,117.45384,-0.07882,Dmin,0.23839
mugendai_mutype,250,Hi-Vision,180.5,0.68278,2854.12038,6146.31283,0.0429,21.50893,1.42797,0.12202,0.22379,103.35938,0.06349,Dmaj,0.3452
mugendai_mutype,251,コハク,220.0,0.83421,2761.42294,5993.97487,0.03134,21.70595,1.23142,0.11802,0.18089,129.19922,0.2072,Dmaj,0.55624
mugendai_mutype,252,✞animaるパーティ✞開催中✞,177.0,0.75661,2840.55519,5974.30832,0.04453,21.23583,1.34735,0.13208,0.2835,99.38401,-0.0333,Dmin,0.20433
mugendai_mutype,253,エンプティパペット,186.0,0.67404,2915.65867,6454.49986,0.04615,20.9864,1.45897,0.12235,0.22345,123.04688,-0.08663,Dmin,0.24045
mugendai_mutype,254,限界現実サバイブ天使,196.0,0.74851,3144.84413,6644.4876,0.05004,21.60175,1.29208,0.14681,0.2504,123.04688,0.32356,Amaj,0.37616
mugendai_mutype,255,ビッグマウス,173.0,0.69885,2972.49767,6664.89859,0.04564,20.60709,1.50704,0.12658,0.28118,143.55469,0.19132,G#maj,0.2838
mugendai_mutype,256,夢現妄想世界,212.2,0.73673,2785.47705,5820.42592,0.03887,21.01881,1.29683,0.12745,0.3661,129.19922,-0.07834,G#min,0.42879
mugendai_mutype,257,やわやわNERD 超FreQuency,187.6,0.63081,3227.3083,6737.05371,0.06322,20.67965,1.41099,0.1631,0.29399,143.55469,-0.20598,F#min,0.10939
mugendai_mutype,258,超惑星Xへの旅,173.6,0.68507,3094.42202,6673.33187,0.05428,20.83051,1.33561,0.14156,0.30269,135.99918,-0.19481,F#min,0.10114
mugendai_mutype,259,これはぼくたちの生存のあらすじ,234.8,0.66123,2890.01414,6024.08024,0.04563,20.85051,1.42318,0.13843,0.31908,129.19922,-0.11212,Fmin,0.14964
mygo,260,迷星叫,211.4,0.71671,2482.34398,5332.22331,0.02208,21.91816,1.23655,0.09961,0.37811,95.70312,0.13241,G#maj,0.30083
mygo,261,壱雫空,189.6,0.66784,2534.66344,5282.89583,0.03046,20.84127,1.16868,0.11328,0.39343,103.35938,0.05638,F#maj,0.19608
mygo,262,碧天伴走,218.9,0.72715,2595.69505,5455.19479,0.02789,21.34499,1.13774,0.11294,0.39908,129.19922,0.04623,C#maj,0.28999
mygo,263,影色舞,209.5,0.66999,2249.74843,4814.59311,0.01862,21.8513,1.38398,0.09423,0.33263,112.34715,-0.02538,A#min,0.34675
mygo,264,歌いましょう鳴らしましょう,176.5,0.66163,2786.96206,5536.15541,0.04078,21.10473,1.15361,0.14226,0.38569,112.34715,-0.0918,Emin,0.06863
mygo,265,潜在表明,262.1,0.69895,2280.17248,4761.02121,0.02249,21.4823,1.24041,0.10124,0.30696,135.99918,-0.1633,Bmin,0.22807
mygo,266,音一会,282.0,0.5852,2736.2806,5640.18812,0.04392,20.96244,1.219,0.13713,0.37476,135.99918,-0.034,Fmin,0.06192
mygo,267,春日影 (MyGO!!!!! ver.),256.6,0.83456,1948.24481,4139.11386,0.0095,23.17642,1.09996,0.07131,0.36028,95.70312,0.38816,Bmaj,0.66047
mygo,268,詩超絆,237.2,0.77667,2450.30788,5104.63024,0.02438,21.63322,1.0963,0.10821,0.39334,129.19922,0.22757,Cmaj,0.43137
mygo,269,迷路日々,215.5,0.82502,2346.21071,4818.89864,0.02187,22.08295,0.99797,0.09877,0.3903,129.19922,0.125,Dmaj,0.76883
mygo,270,無路矢,222.9,0.84668,2391.51474,5059.59718,0.01976,22.17894,1.02304,0.09739,0.43717,123.04688,-0.15543,Emin,0.3968
mygo,271,名無声,271.7,0.76611,2191.38729,4829.45413,0.01566,21.90315,1.1471,0.08462,0.39022,129.19922,0.01521,F#maj,0.40402
mygo,272,栞,266.4,0.92386,1869.53653,4039.62002,0.00869,23.34688,1.25755,0.05861,0.38991,172.26562,0.34451,Dmaj,0.67183
mygo,273,歩拾道,260.3,0.72035,2581.5566,5503.72783,0.02849,21.90688,1.15356,0.11075,0.38933,129.19922,-0.18386,Emin,0.22549
mygo,274,明弦音,243.9,0.82638,2410.47054,5493.40012,0.01857,21.89859,1.25068,0.08537,0.44797,123.04688,0.13788,Amaj,0.52064
mygo,275,孤壊牢,215.6,0.79906,2395.0099,5071.75267,0.02285,21.14179,1.11782,0.09575,0.43981,123.04688,-0.17242,Emin,0.53251
mygo,276,霧周途,222.2,0.71053,2515.11428,5450.93926,0.02613,21.32453,1.20411,0.1072,0.41095,112.34715,-0.0757,Dmin,0.42776
mygo,277,端程山,261.0,0.75291,2428.24796,5044.73616,0.02272,21.07064,1.11241,0.09726,0.43469,117.45384,-0.24501,C#min,0.48297
mygo,278,処救生,217.5,0.81255,2352.74063,5107.23023,0.0189,21.16057,1.18904,0.08762,0.44069,129.19922,-0.20552,Fmin,0.76987
mygo,279,輪符雨,207.6,0.82657,2429.62423,5109.10244,0.01863,21.85854,1.2211,0.09053,0.44161,103.35938,0.05098,Fmaj,0.53199
mygo,280,夜隠染,201.0,0.84117,2330.78526,4989.59205,0.01916,21.87934,1.10525,0.09487,0.39657,112.34715,0.28157,A#maj,0.53818
mygo,281,過惰幻,237.6,0.86859,1860.33284,4149.05824,0.00784,24.27229,1.22601,0.06975,0.33951,112.34715,0.21051,A#maj,0.74045
mygo,282,回層浮,261.2,0.73236,2342.6814,4994.66424,0.01977,21.63149,1.2087,0.09785,0.38728,99.38401,-0.00888,G#min,0.48968
mygo,283,砂寸奏,223.6,0.72353,2549.92037,5415.53392,0.02734,20.85305,1.26169,0.10728,0.42849,123.04688,-0.11254,C#min,0.60268
mygo,284,焚音打,242.9,0.69686,2397.13981,5147.95776,0.02603,20.6955,1.19515,0.10481,0.41619,129.19922,-0.07743,C#min,0.51342
mygo,285,残痕字,255.1,0.82741,2698.87276,5968.41391,0.03068,21.75913,1.15884,0.10424,0.41094,117.45384,0.15268,Emaj,0.78638
mygo,286,掌心正銘,221.5,0.79109,2860.32581,6269.43987,0.03908,21.52564,1.15882,0.11825,0.40155,123.04688,0.21698,Emaj,0.69917
mygo,287,証命讃歌,192.2,0.78607,2921.12759,6154.50167,0.04895,21.17105,1.15683,0.13628,0.39744,103.35938,-0.05382,Amin,0.44943
mygo,288,エガクミライ,239.4,0.83622,2106.97723,4530.42816,0.01465,22.98986,1.20604,0.08221,0.34664,89.10291,0.34476,G#maj,0.4066
mygo,289,静降想,278.2,0.78802,2824.25359,6034.00796,0.03668,21.97635,1.12951,0.12096,0.39531,123.04688,0.3167,A#maj,0.66718
mygo,290,聿日箋秋,236.4,0.81107,2360.91154,4921.87579,0.01862,21.76574,1.23241,0.09547,0.40438,123.04688,0.19705,Amaj,0.63932
mygo,291,往欄印,298.1,0.78651,2935.31177,6133.47958,0.04561,21.64782,1.07469,0.13555,0.39313,117.45384,0.06488,D#maj,0.52322
mygo,292,だれかの心臓になれたなら (Cover),236.4,0.73483,2791.56655,5976.65275,0.0362,21.78098,1.21642,0.12377,0.32322,143.55469,-0.07803,Cmin,0.39164
mygo,293,遥か彼方 (Cover),249.2,0.77499,2788.36677,6069.62441,0.0363,21.71352,1.25325,0.12119,0.30892,172.26562,0.07072,Amaj,0.48555
mygo,294,雑踏、僕らの街 (Cover),188.2,0.68314,2626.55582,5673.83236,0.02908,21.79883,1.3681,0.10996,0.28187,112.34715,-0.16462,Emin,0.61404
mygo,295,過去を喰らう (Cover),240.5,0.71062,2735.4754,5838.76469,0.03491,21.30352,1.28432,0.12079,0.36988,123.04688,0.19978,D#maj,0.34107
mygo,296,君の神様になりたい。 (Cover),249.3,0.76405,2374.62018,5027.1696,0.02222,21.12022,1.23567,0.09915,0.41133,99.38401,0.22845,Dmaj,0.54954
mygo,297,ノンブレス・オブリージュ (Cover),207.3,0.70232,2453.52333,5352.75097,0.02529,21.44899,1.2871,0.10691,0.36146,143.55469,0.10907,Cmaj,0.45511
mygo,298,swim (Cover),209.5,0.75026,2725.90667,5648.49362,0.031,21.36821,1.10929,0.12088,0.4397,129.19922,0.15087,Emaj,0.37822
mygo,299,猛独が襲う (Cover),254.3,0.80768,2673.12554,5549.29422,0.02953,21.56949,1.23028,0.10811,0.46542,151.99908,0.0941,Bmaj,0.72652
mygo,300,春日影,123.0,0.81985,1755.83686,3859.74888,0.00643,23.75269,1.13259,0.05587,0.05346,95.70312,0.22618,Bmaj,0.70382
pastel_palettes,301,TITLE IDOL,268.4,0.76808,2668.59586,5534.49987,0.03038,22.81717,1.37662,0.12747,0.27528,143.55469,0.22404,A#maj,0.20949
pastel_palettes,302,ワクワクmeetsトリップ,247.3,0.68573,3016.23366,6220.40683,0.04627,22.05196,1.32997,0.14157,0.25759,135.99918,0.04885,Gmaj,0.12178
pastel_palettes,303,ゆら・ゆらRing-Dong-Dance,265.1,0.72013,3323.63578,6943.06357,0.06199,22.47868,1.29993,0.18007,0.24142,117.45384,-0.01875,Amin,0.19917
pastel_palettes,304,もういちど ルミナス,260.0,0.78447,2665.78003,5420.21167,0.02379,23.36189,1.18045,0.13137,0.21702,172.26562,0.18522,Amaj,0.71569
pastel_palettes,305,あっつあつ 常夏 らぶ☆サマー！,246.9,0.73437,3010.52052,6291.51196,0.04256,22.76768,1.39079,0.1489,0.27871,112.34715,0.05559,Fmaj,0.26471
pastel_palettes,306,天下トーイツ A to Z☆,218.6,0.64476,3018.27792,6169.49603,0.04847,21.93982,1.25355,0.15979,0.26633,151.99908,-0.1067,C#min,0.33591
pastel_palettes,307,しゅわりん☆どり〜みん,236.4,0.66044,3080.71805,6349.53938,0.05191,22.2266,1.23903,0.16615,0.22463,117.45384,-0.02896,Amin,0.34881
pastel_palettes,308,Power of LOVE!!!,231.7,0.69628,2863.38245,5667.16573,0.0384,22.89759,1.24045,0.16342,0.28213,117.45384,0.08162,Dmaj,0.1001
various_artists,101,Don't be afraid!,238.8,0.78673,2534.84815,5236.085,0.0228,22.9496,1.282,0.1186,0.27286,123.04688,0.01209,F#maj,0.56914
various_artists,102,Glee! Glee! Glee!,211.8,0.71146,2625.99148,5332.64553,0.02796,22.63233,1.3052,0.13135,0.26742,123.04688,0.24707,Gmaj,0.36997
various_artists,103,"Be shine, shining!",96.3,0.76269,2754.38248,5874.94225,0.03127,23.02636,1.29514,0.12775,0.27495,117.45384,0.32471,Emaj,0.42466
various_artists,104,"Here, the world",263.2,0.73241,2776.64698,5793.92052,0.0313,23.28952,1.60716,0.12637,0.33832,123.04688,0.34049,G#maj,0.10888
various_artists,105,CiRCLE THANKS MUSiC♪,313.7,0.77064,2846.11077,5857.44236,0.04023,21.82153,1.19192,0.13729,0.26864,123.04688,0.27814,Gmaj,0.43189
