idx,band,song,e1_mean_dyn,e2_lra_dyn,e3_onset_rate,onset_rate_fine,dyn_std,dyn_p90,dyn_p10,pulse_bpm,tempo_json,dur,has_onset
0,afterglow,ON YOUR MARK,0.76707,0.2667,1.51076,6.03063,0.18376,0.8947,0.628,184.6,92.3,241.6,1
1,afterglow,That Is How I Roll!,0.67472,0.118,1.48581,5.93072,0.12571,0.746,0.628,90.7,90.7,239.6,1
2,afterglow,SENSENFUKOKU,0.62037,0.2468,1.61055,6.43002,0.14,0.726,0.4792,99.4,99.4,246.5,1
3,afterglow,I knew it!,0.73401,0.118,1.63405,6.52592,0.1293,0.8,0.682,99.4,99.4,291.3,1
4,afterglow,ツナグ、ソラモヨウ,0.68475,0.2092,1.49056,5.95018,0.17173,0.8003,0.5911,95.7,95.7,248.9,1
5,afterglow,Hey-day狂騒曲(カプリチオ),0.67001,0.2454,2.4647,9.84596,0.18859,0.7943,0.5489,156.6,156.6,233.7,1
6,afterglow,"Easy come, Easy go!",0.72141,0.2424,2.21857,8.86196,0.1475,0.825,0.5826,136.0,136.0,243.4,1
7,afterglow,Sasanqua,0.67765,0.1962,1.53716,6.13598,0.15498,0.777,0.5808,99.4,99.4,236.8,1
8,afterglow,RED RED RED,0.62847,0.189,1.36364,5.44118,0.14333,0.717,0.528,94.0,94.0,224.4,1
9,afterglow,ONE OF US,0.55307,0.3664,1.68969,6.74814,0.17175,0.6718,0.3054,105.5,105.5,282.3,1
10,afterglow,Y.O.L.O!!!!!,0.68964,0.263,1.69066,6.75157,0.18272,0.803,0.54,105.5,105.5,270.9,1
11,afterglow,Scarlet Sky,0.77475,0.1152,1.44105,5.75109,0.14431,0.856,0.7408,90.7,90.7,229.0,1
12,afterglow,Off we go.,0.69953,0.3964,1.9023,7.5973,0.17064,0.8306,0.4342,120.2,120.2,251.8,1
13,afterglow,いつも通りのBrand new days,0.71371,0.2942,1.53814,6.13991,0.15781,0.8216,0.5274,95.7,95.7,237.3,1
14,afterglow,SWITCH ON NOW,0.75206,0.2165,1.61119,6.43029,0.16838,0.855,0.6385,99.4,99.4,207.3,1
15,afterglow,ランブリングメモリー,0.64131,0.295,1.81231,7.24,0.16802,0.753,0.458,126.0,126.0,325.0,1
16,afterglow,COMIC PANIC!!!,0.73373,0.2638,1.72549,6.89127,0.15201,0.845,0.5812,105.5,105.5,280.5,1
17,afterglow,Trouble Joyful!!,0.71873,0.1675,1.60992,6.42707,0.13829,0.801,0.6335,97.5,97.5,237.9,1
18,afterglow,Jamboree!Journey!,0.65191,0.2128,1.23557,4.93072,0.18614,0.7644,0.5516,78.3,78.3,259.8,1
19,afterglow,カナユメ,0.7063,0.1608,1.95772,7.82114,0.17338,0.7989,0.6381,126.0,126.0,307.5,1
20,afterglow,独創収差,0.74473,0.755,1.87839,7.50271,0.29199,0.952,0.197,126.0,126.0,276.3,1
21,afterglow,極彩色,0.67178,0.153,1.45432,5.80469,0.18656,0.772,0.619,92.3,92.3,238.6,1
22,afterglow,サクラゼンセン,0.6969,0.1954,2.25431,9.00521,0.15236,0.7934,0.598,139.7,139.7,249.3,1
23,afterglow,True color,0.74873,0.2245,1.18437,4.72562,0.19028,0.8585,0.634,79.5,79.5,253.3,1
24,afterglow,Crow Song,0.69379,0.1766,1.34726,5.37674,0.13369,0.7882,0.6116,87.6,87.6,244.2,1
25,afterglow,カサブタ,0.71347,0.1446,1.40824,5.61769,0.12812,0.7836,0.639,86.1,86.1,196.7,1
26,afterglow,アイのシナリオ,0.65733,0.2382,1.45881,5.82371,0.15504,0.7622,0.524,90.7,90.7,259.8,1
27,afterglow,Northern lights,0.72152,0.1812,2.1186,8.46007,0.14517,0.8051,0.6239,136.0,136.0,209.1,1
28,afterglow,トーキョーワンダー。,0.69458,0.4651,2.19766,8.77113,0.21971,0.8288,0.3637,136.0,136.0,153.8,1
29,afterglow,Reach Out To The Truth,0.74402,0.127,1.37609,5.48688,0.14171,0.8165,0.6895,84.7,84.7,171.5,1
30,afterglow,Listen!!,0.68971,0.1845,1.4022,5.5956,0.15104,0.786,0.6015,87.6,87.6,227.5,1
31,afterglow,青い栞,0.61056,0.3976,2.01603,8.05523,0.20276,0.773,0.3754,132.5,132.5,336.8,1
32,afterglow,イマジネーション,0.64351,0.2392,1.56742,6.25281,0.18222,0.777,0.5378,101.3,101.3,178.0,1
33,afterglow,Butter-Fly,0.77305,0.146,1.39089,5.55156,0.14874,0.854,0.708,86.1,86.1,250.2,1
34,afterglow,燦々,0.70538,0.1896,1.57004,6.26475,0.15879,0.791,0.6014,97.5,97.5,194.9,1
35,afterglow,That's why I'm here.,0.74167,0.2866,1.51585,6.05193,0.15314,0.851,0.5644,92.3,92.3,261.9,1
36,afterglow,IGNITE GLOW,0.74639,0.2678,2.14286,8.56021,0.15891,0.8547,0.5869,132.5,132.5,267.4,1
37,afterglow,ペトリコール・オベーション,0.74388,0.169,1.44226,5.75536,0.14975,0.832,0.663,92.3,92.3,219.1,1
38,afterglow,Made My Day,0.80826,0.1238,1.54508,6.16803,0.1386,0.882,0.7582,95.7,95.7,244.0,1
39,afterglow,Glowing After,0.75419,0.3986,1.55206,6.19646,0.1912,0.892,0.4934,99.4,99.4,254.5,1
40,afterglow,A Sunset So Bright,0.81747,0.1402,2.04241,8.15664,0.16066,0.896,0.7558,126.0,126.0,231.1,1
41,afterglow,Start as Usual,0.77216,0.179,1.38256,5.51936,0.1515,0.858,0.679,90.7,90.7,276.3,1
42,afterglow,“Say cheese!!!!!”,0.8041,0.104,1.95327,7.80161,0.14496,0.871,0.767,120.2,120.2,261.1,1
43,afterglow,花笑みのデュオ,0.80572,0.2881,1.55414,6.20455,0.19089,0.918,0.6299,99.4,99.4,250.3,1
44,afterglow,READY STEADY GO (Cover),0.70483,0.1587,2.30456,9.2047,0.16031,0.801,0.6423,143.6,143.6,221.3,1
45,afterglow,abnormalize (Cover),0.713,0.3716,1.35616,5.41096,0.18169,0.8372,0.4656,87.6,87.6,219.0,1
46,afterglow,メンタルチェンソー (Cover),0.73098,0.1763,1.53326,6.11612,0.14177,0.8233,0.647,94.0,94.0,177.4,1
47,afterglow,Bunny Girl (Cover),0.63474,0.3615,1.29374,5.16114,0.16387,0.761,0.3995,79.5,79.5,217.2,1
48,afterglow,オレンジ (Cover),0.68559,0.3051,1.62139,6.47284,0.18501,0.825,0.5199,99.4,99.4,235.6,1
49,afterglow,カゲロウデイズ (Cover),0.67725,0.3119,1.57467,6.28584,0.19132,0.838,0.5261,99.4,99.4,233.7,1
50,afterglow,DAY×DAY (Cover),0.76741,0.2132,1.52442,6.08398,0.18775,0.871,0.6578,95.7,95.7,219.1,1
51,afterglow,ロキ (Cover),0.67308,0.145,2.40435,9.60435,0.1314,0.759,0.614,147.7,147.7,230.0,1
52,afterglow,CHAINSAW BLOOD (Cover),0.69575,0.248,2.39291,9.55687,0.14002,0.8006,0.5526,147.7,147.7,203.1,1
53,afterglow,チルドレンレコード (Re:boot) (Cover),0.68972,0.2847,1.63416,6.52082,0.16602,0.8149,0.5302,103.4,103.4,189.7,1
54,afterglow,青のすみか (Cover),0.73151,0.5306,2.42148,9.67072,0.24097,0.9312,0.4006,152.0,152.0,197.4,1
55,afterglow,GO!!! (Cover),0.73853,0.1042,2.16103,8.63162,0.13256,0.8041,0.6999,132.5,132.5,239.7,1
56,afterglow,天ノ弱 (Cover),0.74638,0.2189,1.51757,6.05431,0.16311,0.8546,0.6357,99.4,99.4,187.8,1
57,afterglow,アスノヨゾラ哨戒班 (Cover),0.73617,0.3485,1.41667,5.65104,0.19976,0.8525,0.504,184.6,92.3,192.0,1
58,afterglow,瞬間センチメンタル (Cover),0.71497,0.1878,1.35557,5.40927,0.13817,0.795,0.6072,84.7,84.7,230.9,1
59,afterglow,プライド革命 (Cover),0.58058,0.4836,1.49266,5.95807,0.18325,0.718,0.2344,92.3,92.3,238.5,1
60,afterglow,命に嫌われている。 (Cover),0.55093,0.7096,1.57972,6.30792,0.26647,0.806,0.0964,198.8,99.4,274.1,1
61,afterglow,Redo (Cover),0.66199,0.4308,1.48318,5.92125,0.19268,0.7928,0.362,191.4,95.7,261.6,1
62,afterglow,インフェルノ (Cover),0.68436,0.1574,1.51727,6.05509,0.13252,0.768,0.6106,92.3,92.3,214.2,1
63,afterglow,ドラマツルギー (Cover),0.73824,0.1123,1.16094,4.63118,0.19448,0.8283,0.716,74.9,74.9,238.6,1
64,afterglow,COLORS (Cover),0.66301,0.2568,2.0521,8.1947,0.18681,0.7692,0.5124,136.0,136.0,218.8,1
65,afterglow,午夜の待ち合わせ (Cover),0.68289,0.292,1.49271,5.95335,0.17365,0.807,0.515,94.0,94.0,171.5,1
66,afterglow,サムライハート（Some Like It Hot!!） (Cover),0.68782,0.1454,1.81007,7.22455,0.13183,0.765,0.6196,112.3,112.3,190.6,1
67,afterglow,ベノム (Cover),0.66981,0.1674,2.46348,9.83879,0.13107,0.7612,0.5938,152.0,152.0,198.5,1
68,afterglow,Don't say “lazy” (Cover),0.66426,0.1711,1.43272,5.71999,0.14967,0.764,0.5929,90.7,90.7,275.7,1
69,afterglow,Part of the Life,0.79401,0.1742,1.47689,5.87373,0.12885,0.8765,0.7023,184.6,92.3,88.7,1
70,afterglow,Punchline Halloween!!!,0.69084,0.1884,1.43467,5.72588,0.13277,0.772,0.5836,90.7,90.7,234.2,1
71,afterglow,I love your way！,0.7565,0.103,2.03641,8.13424,0.12928,0.819,0.716,129.2,129.2,263.7,1
72,ave_mujica,KiLLKiSS,0.71735,0.969,1.70977,6.82471,0.36034,0.969,0.0,132.5,132.5,208.8,1
73,ave_mujica,"Georgette Me, Georgette You",0.59189,0.8733,1.53813,6.13975,0.33232,0.9271,0.0538,143.6,143.6,234.7,1
74,ave_mujica,Imprisoned XII,0.41919,0.8204,1.077,4.2924,0.31569,0.8204,0.0,105.5,105.5,192.2,1
75,ave_mujica,Crucifix X,0.66725,0.6945,2.08027,8.31104,0.2466,0.829,0.1345,136.0,136.0,299.0,1
76,ave_mujica,八芒星ダンス,0.72966,0.7815,1.66739,6.65659,0.26615,0.87,0.0885,114.8,114.8,231.5,1
77,ave_mujica,顔,0.82878,0.1056,2.26672,9.0545,0.14974,0.892,0.7864,139.7,139.7,242.2,1
78,ave_mujica,天球のMúsica,0.78969,0.8496,1.76953,7.06743,0.28237,0.952,0.1024,129.2,129.2,280.3,1
79,ave_mujica,黒のバースデイ,0.76605,1.0,1.40845,5.621,0.34458,1.0,0.0,99.4,99.4,234.3,1
80,ave_mujica,ふたつの月 ~Deep Into The Forest~,0.72921,0.8828,1.75467,7.00886,0.28534,0.94,0.0572,120.2,120.2,304.9,1
81,ave_mujica,Choir ‘S’ Choir,0.73917,0.9486,2.11385,8.44498,0.30893,0.953,0.0044,147.7,147.7,288.1,1
82,ave_mujica,神さま、バカ,0.76043,0.6856,1.85714,7.41518,0.29154,0.9854,0.2998,120.2,120.2,224.0,1
83,ave_mujica,Mas?uerade Rhapsody Re?uest,0.78519,0.4494,1.46117,5.83267,0.2512,0.946,0.4966,95.7,95.7,249.8,1
84,ave_mujica,Ave Mujica,0.17378,0.325,1.59712,6.3777,0.11363,0.325,0.0,112.3,112.3,278.0,1
85,ave_mujica,Symbol I : △,0.91144,0.2028,1.92505,7.69058,0.15309,0.995,0.7922,117.5,117.5,312.2,1
86,ave_mujica,Symbol II : Air,0.91173,0.1606,1.61654,6.45207,0.16021,1.0,0.8394,99.4,99.4,212.8,1
87,ave_mujica,Symbol III : ▽,0.59233,0.4948,2.65473,10.60724,0.2086,0.778,0.2832,166.7,166.7,256.9,1
88,ave_mujica,Symbol IV : Earth,0.85417,0.3016,2.26683,9.05479,0.21541,0.9882,0.6866,147.7,147.7,239.1,1
89,ave_mujica,Ether,0.85555,0.5381,1.87609,7.49387,0.26643,1.0,0.4619,126.0,126.0,285.7,1
90,ave_mujica,The Whole Blue World,0.74871,0.3777,1.52351,6.08239,0.219,0.9144,0.5367,99.4,99.4,257.3,1
91,ave_mujica,in your blue eyes,0.65936,1.0,1.48115,5.91113,0.36632,1.0,0.0,95.7,95.7,222.8,1
92,ave_mujica,素晴らしき世界 でも どこにもない場所,0.7657,0.389,1.97403,7.88497,0.18998,0.911,0.522,132.5,132.5,269.5,1
93,ave_mujica,Angles,0.60492,0.7404,1.35587,5.41258,0.31051,0.9232,0.1828,129.2,129.2,275.1,1
94,ave_mujica,DIVINE,0.8931,0.1442,1.92547,7.69022,0.15542,0.9796,0.8354,117.5,117.5,257.6,1
95,ave_mujica,Sophie,0.64679,0.497,1.59391,6.36041,0.19487,0.7995,0.3025,99.4,99.4,197.0,1
96,ave_mujica,‘S/’ The Way,0.89932,0.2685,2.55824,10.21978,0.21951,1.0,0.7315,156.6,156.6,227.5,1
97,ave_mujica,碧い瞳の中に,0.58026,0.8892,1.47321,5.87946,0.33027,0.8892,0.0,95.7,95.7,224.0,1
98,ave_mujica,堕天 (Cover),0.80555,0.169,1.65397,6.59956,0.18946,0.913,0.744,103.4,103.4,183.8,1
99,ave_mujica,KINGS (Cover),0.85094,0.2007,1.3665,5.45655,0.14181,0.949,0.7483,87.6,87.6,317.6,1
100,ave_mujica,暗黒天国 (Cover),0.77523,0.277,1.55296,6.20053,0.19059,0.902,0.625,95.7,95.7,265.3,1
101,various_artists,Don't be afraid!,0.66089,0.1983,1.42797,5.69933,0.16928,0.756,0.5577,90.7,90.7,238.8,1
102,various_artists,Glee! Glee! Glee!,0.64121,0.2944,1.3881,5.53824,0.17228,0.748,0.4536,90.7,90.7,211.8,1
103,various_artists,"Be shine, shining!",0.62354,0.3836,1.84839,7.36241,0.19662,0.742,0.3584,117.5,117.5,96.3,1
104,various_artists,"Here, the world",0.75975,0.2395,1.99848,7.98252,0.1768,0.87,0.6305,123.0,123.0,263.2,1
105,various_artists,CiRCLE THANKS MUSiC♪,0.65542,0.1916,1.97641,7.89608,0.14177,0.748,0.5564,123.0,123.0,313.7,1
106,hello_happy_world,キミがいなくちゃっ！,0.64582,0.1879,1.93601,7.73175,0.1577,0.732,0.5441,123.0,123.0,243.8,1
107,hello_happy_world,ハイファイブ∞あどべんちゃっ,0.67094,0.1111,1.61527,6.45007,0.12907,0.7367,0.6256,99.4,99.4,272.4,1
108,hello_happy_world,スマイルブーケで た〜まや〜！,0.66737,0.1498,1.20221,4.79779,0.13071,0.7408,0.591,76.0,76.0,272.0,1
109,hello_happy_world,えがお･シング･あ･ソング,0.62882,0.2913,2.32343,9.2817,0.15704,0.751,0.4597,152.0,152.0,249.2,1
110,hello_happy_world,YAPPY! SCHOOL CARNIVAL☆彡,0.61846,0.149,1.41156,5.6335,0.12657,0.706,0.557,86.1,86.1,235.2,1
111,hello_happy_world,にこ×にこ=ハイパースマイルパワー！,0.70937,0.1948,1.57308,6.27947,0.13789,0.793,0.5982,95.7,95.7,233.3,1
112,hello_happy_world,ないすみちゅっ！,0.62056,0.1837,1.41135,5.63375,0.13234,0.708,0.5243,87.6,87.6,257.2,1
113,hello_happy_world,ゴーカ！ごーかい！？ファントムシーフ！,0.67835,0.167,1.75159,6.99272,0.13275,0.773,0.606,107.7,107.7,219.8,1
114,hello_happy_world,うぃーきゃん☆フレフレっ！,0.64387,0.2615,1.45659,5.81386,0.16379,0.748,0.4865,90.7,90.7,239.6,1
115,hello_happy_world,えがおのオーケストラっ！,0.51297,0.429,2.21981,8.8662,0.1677,0.686,0.257,139.7,139.7,230.2,1
116,hello_happy_world,にこにこねくと！,0.55125,0.234,1.30487,5.2075,0.14318,0.658,0.424,83.4,83.4,250.6,1
117,hello_happy_world,ふぁいぶスマイル◯オールインっ！,0.66102,0.2932,2.0341,8.12424,0.1587,0.787,0.4938,126.0,126.0,246.3,1
118,hello_happy_world,せかいのっびのびトレジャー！,0.71921,0.1726,1.40103,5.59003,0.15426,0.8144,0.6418,84.7,84.7,212.7,1
119,hello_happy_world,きらっ☆と キミフェス！,0.5724,0.3562,2.08568,8.32973,0.19481,0.703,0.3468,129.2,129.2,231.1,1
120,hello_happy_world,うちゃパ！で ぱっぴかポーんっ！,0.68489,0.2912,1.53352,6.12029,0.16307,0.789,0.4978,97.5,97.5,217.8,1
121,hello_happy_world,はれやか すこやか ぴかりんりん♪,0.6786,0.2587,1.84867,7.383,0.14699,0.7769,0.5182,114.8,114.8,256.4,1
122,hello_happy_world,ふわふわ☆ゆめいろサンドイッチ,0.58213,0.1549,2.11986,8.46918,0.11717,0.672,0.5171,129.2,129.2,292.0,1
123,hello_happy_world,Happy! Happier! Happiest!,0.64543,0.3275,1.34212,5.35611,0.17596,0.777,0.4495,86.1,86.1,242.9,1
124,hello_happy_world,現るっ！大怪盗ハロハッピー！,0.73031,0.179,1.49041,5.94824,0.152,0.8252,0.6462,92.3,92.3,224.1,1
125,hello_happy_world,わちゃ・もちゃ・ぺったん行進曲,0.71559,0.1754,2.6072,10.41595,0.14306,0.8164,0.641,161.5,161.5,233.2,1
126,hello_happy_world,おもいでイルミネーション,0.69434,0.1622,2.64345,10.56193,0.14064,0.7776,0.6154,166.7,166.7,252.7,1
127,hello_happy_world,おもいやりハーモニー,0.59655,0.4314,2.06048,8.22894,0.19215,0.7507,0.3193,136.0,136.0,231.5,1
128,hello_happy_world,ハピネスっ！ハピィーマジカルっ♪,0.69423,0.2344,1.43875,5.74074,0.16591,0.8116,0.5772,92.3,92.3,210.6,1
129,hello_happy_world,えがお、あーゆーれでぃ???,0.66733,0.3304,2.21829,8.85992,0.18152,0.793,0.4626,139.7,139.7,226.3,1
130,hello_happy_world,ハッピーサマーウェディング,0.70396,0.1656,2.07236,8.27889,0.1268,0.7813,0.6157,129.2,129.2,284.7,1
131,hello_happy_world,ひまわりの約束,0.56747,0.6709,1.18451,4.72828,0.24077,0.749,0.0781,79.5,79.5,307.3,1
132,hello_happy_world,ハッピー☆マテリアル,0.66491,0.171,1.32,5.26667,0.1461,0.76,0.589,82.0,82.0,225.0,1
133,hello_happy_world,太陽曰く燃えよカオス,0.68195,0.1092,2.26171,9.03428,0.15113,0.757,0.6478,143.6,143.6,239.2,1
134,hello_happy_world,エクストラ・マジック・アワー,0.65536,0.1791,1.48453,5.92636,0.15672,0.743,0.5639,90.7,90.7,255.3,1
135,hello_happy_world,コレカラ,0.66642,0.245,2.60586,10.40949,0.15534,0.764,0.519,161.5,161.5,214.9,1
136,hello_happy_world,全力少年,0.60178,0.1811,2.07196,8.27543,0.17429,0.7017,0.5206,132.5,132.5,241.8,1
137,hello_happy_world,オレンジ,0.54836,0.4624,2.2773,9.09842,0.19864,0.7046,0.2422,139.7,139.7,278.4,1
138,hello_happy_world,Happy Girl,0.59895,0.4938,2.22176,8.87442,0.19016,0.714,0.2202,143.6,143.6,238.1,1
139,hello_happy_world,ン・パカマーチ,0.62657,0.4225,1.80128,7.1859,0.20271,0.757,0.3345,117.5,117.5,156.0,1
140,hello_happy_world,サンバロハッピ〜！,0.63582,0.2174,2.09238,8.35566,0.1378,0.7457,0.5283,129.2,129.2,216.5,1
141,hello_happy_world,ボクらの夏's☆ショーたいむっ！！,0.67563,0.3218,1.40716,5.61412,0.17203,0.7946,0.4728,89.1,89.1,206.8,1
142,hello_happy_world,むすんでわらって,0.59536,0.3934,2.00413,8.00413,0.1951,0.7367,0.3433,129.2,129.2,242.0,1
143,hello_happy_world,キミを れっつ・はぶ・ふぁん♪,0.73753,0.172,2.56596,10.25106,0.16059,0.826,0.654,156.6,156.6,235.0,1
144,hello_happy_world,らいふ・いず・みゅーじかるっ♪♪♪,0.64084,0.2215,2.23812,8.93984,0.14446,0.74,0.5185,139.7,139.7,237.7,1
145,hello_happy_world,れっつ・スマイル・すとり〜みんぐっ♪,0.76392,0.5395,1.13357,4.52109,0.2073,0.8775,0.338,74.9,74.9,227.6,1
146,hello_happy_world,やっほー！いっぽ！わんだふぉー！,0.7326,0.1295,2.53886,10.14131,0.14073,0.8085,0.679,156.6,156.6,212.3,1
147,hello_happy_world,とーくとぅみー・とーくとぅゆー,0.83405,0.0812,2.20997,8.8255,0.14038,0.891,0.8098,136.0,136.0,208.6,1
148,hello_happy_world,ハイタッチ／＼びりーばーず☆,0.72605,0.2639,2.54324,10.16116,0.17799,0.84,0.5761,166.7,166.7,254.4,1
149,hello_happy_world,Listen to Smile!,0.73162,0.1899,2.0516,8.1941,0.17777,0.842,0.6521,126.0,126.0,244.2,1
150,hello_happy_world,スマイリーキャロル,0.72068,0.3599,1.76042,7.02954,0.1773,0.831,0.4711,110.0,110.0,247.1,1
151,hello_happy_world,えがお、み〜っけた！,0.56967,0.3638,2.26869,9.06366,0.17466,0.693,0.3292,143.6,143.6,270.2,1
152,hello_happy_world,上海ハニー (Cover),0.57003,0.3018,2.09877,8.37823,0.16938,0.709,0.4072,129.2,129.2,178.2,1
153,hello_happy_world,シル・ヴ・プレジデント (Cover),0.62118,0.1812,1.39018,5.54522,0.13473,0.71,0.5288,87.6,87.6,193.5,1
154,hello_happy_world,ヒャダインのじょーじょーゆーじょー (Cover),0.6512,0.2376,1.49741,5.9777,0.16785,0.771,0.5334,99.4,99.4,251.1,1
155,hello_happy_world,はいよろこんで (Cover),0.61857,0.4019,2.32834,9.29463,0.19626,0.739,0.3371,147.7,147.7,160.2,1
156,hello_happy_world,シカ色デイズ (Cover),0.62798,0.3425,1.47379,5.88032,0.16536,0.7735,0.431,92.3,92.3,202.2,1
157,hello_happy_world,強風オールバック (Cover),0.61741,0.276,2.18357,8.71207,0.17484,0.7268,0.4508,136.0,136.0,135.1,1
158,hello_happy_world,最高到達点 (Cover),0.62886,0.3765,2.03794,8.13851,0.17755,0.7797,0.4032,132.5,132.5,226.7,1
159,hello_happy_world,許婚っきゅん (Cover),0.63814,0.1651,2.28169,9.10986,0.14884,0.7256,0.5605,147.7,147.7,177.5,1
160,hello_happy_world,新宝島 (Cover),0.70674,0.3789,2.5,9.98806,0.1813,0.862,0.4831,156.6,156.6,251.2,1
161,hello_happy_world,ドレミファロンド (Cover),0.57054,0.2452,2.00897,8.02094,0.166,0.6856,0.4404,126.0,126.0,200.6,1
162,hello_happy_world,きゅうくらりん (Cover),0.76097,0.294,1.76909,7.06238,0.1627,0.872,0.578,110.0,110.0,214.8,1
163,hello_happy_world,ロメオ (Cover),0.6123,0.4554,2.1549,8.61024,0.21119,0.78,0.3246,139.7,139.7,320.2,1
164,hello_happy_world,エイリアンエイリアン (Cover),0.53138,0.3246,2.35937,9.42108,0.16468,0.647,0.3224,152.0,152.0,183.1,1
165,hello_happy_world,いーあるふぁんくらぶ (Cover),0.59754,0.3636,2.28619,9.13225,0.1668,0.7361,0.3725,143.6,143.6,239.7,1
166,hello_happy_world,回レ！雪月花 (Cover),0.58994,0.2806,1.30324,5.20017,0.14918,0.707,0.4264,79.5,79.5,234.8,1
167,hello_happy_world,恋愛裁判 (Cover),0.61672,0.2372,2.16943,8.66428,0.14655,0.7264,0.4892,132.5,132.5,223.1,1
168,hello_happy_world,TOMORROW (Cover),0.65064,0.1192,2.16442,8.64678,0.12397,0.72,0.6008,132.5,132.5,274.9,1
169,hello_happy_world,GO! GO! MANIAC (Cover),0.69386,0.1258,2.04737,8.17744,0.1365,0.764,0.6382,126.0,126.0,249.1,1
170,hello_happy_world,Dragon Night (Cover),0.4298,0.6359,1.92392,7.68255,0.21678,0.676,0.0401,123.0,123.0,228.7,1
171,hello_happy_world,ようこそジャパリパークへ (Cover),0.72091,0.192,1.29486,5.16489,0.18098,0.825,0.633,84.7,84.7,206.2,1
172,hello_happy_world,ウィーアー！ (Cover),0.67479,0.1866,1.38532,5.52883,0.12823,0.7646,0.578,84.7,84.7,241.1,1
173,hello_happy_world,おジャ魔女カーニバル!! (Cover),0.60042,0.144,2.35051,9.38822,0.12491,0.685,0.541,147.7,147.7,217.4,1
174,hello_happy_world,ダーリンダンス (Cover),0.69683,0.0814,2.44701,9.7736,0.15348,0.764,0.6826,152.0,152.0,207.6,1
175,hello_happy_world,ノーポイッ！ (Cover),0.70857,0.1665,2.45679,9.81481,0.13315,0.79,0.6235,156.6,156.6,243.0,1
176,hello_happy_world,SHINY DAYS (Cover),0.61502,0.24,1.75171,6.99543,0.16027,0.722,0.482,110.0,110.0,262.6,1
177,hello_happy_world,シルエット (Cover),0.72342,0.1667,1.45643,5.81328,0.1572,0.8109,0.6442,92.3,92.3,241.0,1
178,ikka_dumb_rock,ホーミー・タイッ！！,0.81811,0.1489,2.11235,8.43547,0.15201,0.9009,0.752,129.2,129.2,215.4,1
179,millsage,起死開戦,0.77957,0.2492,1.68971,6.74347,0.17834,0.9,0.6508,112.3,112.3,195.3,1
180,morfonica,Daylight -デイライト-,0.71603,0.1211,1.50294,6.00336,0.1098,0.779,0.6579,92.3,92.3,357.3,1
181,morfonica,メランコリックララバイ,0.74549,0.2562,1.47154,5.87228,0.16912,0.848,0.5918,90.7,90.7,216.1,1
182,morfonica,flame of hope,0.7214,0.238,1.52234,6.0775,0.17392,0.8195,0.5815,95.7,95.7,252.9,1
183,morfonica,ブルームブルーム,0.71407,0.1748,1.4554,5.81076,0.14999,0.795,0.6202,90.7,90.7,276.9,1
184,morfonica,カラフルリバティー,0.69576,0.253,1.49909,5.98263,0.1873,0.8142,0.5612,92.3,92.3,218.8,1
185,morfonica,fly with the night,0.65142,0.3393,1.36269,5.4383,0.17034,0.795,0.4557,84.7,84.7,240.7,1
186,morfonica,金色へのプレリュード,0.70127,0.32,1.37537,5.49041,0.18053,0.811,0.491,87.6,87.6,271.2,1
187,morfonica,The Circle Of Butterflies,0.67813,0.299,1.3949,5.56801,0.16558,0.79,0.491,87.6,87.6,258.8,1
188,morfonica,ハーモニー・デイ,0.64906,0.2802,1.44161,5.75274,0.16905,0.761,0.4808,90.7,90.7,219.2,1
189,morfonica,Sweet Cheers!,0.70891,0.2878,1.67633,6.69193,0.1749,0.829,0.5412,110.0,110.0,224.3,1
190,morfonica,"寄る辺のSunny, Sunny",0.71562,0.2168,1.47685,5.89352,0.16761,0.8298,0.613,92.3,92.3,216.0,1
191,morfonica,誓いのWingbeat,0.74713,0.2154,1.59216,6.35686,0.19261,0.8741,0.6587,103.4,103.4,255.0,1
192,morfonica,Ever Sky Blue,0.6535,0.537,1.38532,5.52883,0.21829,0.8048,0.2678,97.5,97.5,241.1,1
193,morfonica,Polyphonyscape,0.67857,0.562,2.20366,8.8027,0.22651,0.8356,0.2736,152.0,152.0,251.4,1
194,morfonica,Wreath of Brave,0.71277,0.284,2.21125,8.83359,0.18184,0.837,0.553,136.0,136.0,263.2,1
195,morfonica,Merry Merry Thanks!!,0.70259,0.3576,2.2662,9.05316,0.20844,0.825,0.4674,143.6,143.6,257.7,1
196,morfonica,Sonorous,0.63831,0.2486,2.09703,8.37855,0.14565,0.76,0.5114,132.5,132.5,313.3,1
197,morfonica,両翼のBrilliance,0.80099,0.2141,1.41785,5.65888,0.16499,0.899,0.6849,86.1,86.1,239.8,1
198,morfonica,Steer to Utopia,0.82672,0.1684,1.51641,6.05178,0.16896,0.9284,0.76,97.5,97.5,216.3,1
199,morfonica,Fateful...,0.6979,0.3069,2.14784,8.58089,0.15961,0.826,0.5191,132.5,132.5,286.8,1
200,morfonica,ティリカモニカリラ,0.71766,0.4616,2.12151,8.47134,0.21127,0.879,0.4174,139.7,139.7,204.1,1
201,morfonica,Secret Dawn,0.6481,0.5384,1.92114,7.67198,0.21908,0.81,0.2716,132.5,132.5,238.4,1
202,morfonica,Angel's Ladder,0.78472,0.135,1.62194,6.47593,0.12973,0.858,0.723,99.4,99.4,253.4,1
203,morfonica,One step at a time,0.72775,0.4444,1.25142,4.99431,0.22522,0.8944,0.45,87.6,87.6,263.7,1
204,morfonica,Tempest,0.70398,0.4256,1.62569,6.49088,0.19825,0.8287,0.4031,101.3,101.3,252.2,1
205,morfonica,フレージング ミラージュ,0.76643,0.4566,1.35432,5.40592,0.22705,0.894,0.4374,95.7,95.7,263.6,1
206,morfonica,MUGEN Reverberate!,0.63075,0.423,1.55449,6.20495,0.18908,0.773,0.35,94.0,94.0,230.3,1
207,morfonica,わたしまちがいさがし,0.55785,0.1632,1.84615,7.37363,0.13396,0.6356,0.4724,120.2,120.2,273.0,1
208,morfonica,esora no clover,0.67044,0.5924,2.55802,10.21661,0.23239,0.871,0.2786,161.5,161.5,193.9,1
209,morfonica,きょうもMerry go rounD,0.77406,0.315,2.05042,8.18908,0.20949,0.895,0.58,136.0,136.0,238.0,1
210,morfonica,Feathered Dreams,0.83623,0.1841,1.42668,5.69346,0.16474,0.937,0.7529,87.6,87.6,226.4,1
211,morfonica,Portray Empathy,0.80466,0.284,1.3936,5.56257,0.1644,0.925,0.641,172.3,86.1,253.3,1
212,morfonica,ビューティ・フォー,0.7688,0.287,1.59007,6.34443,0.18039,0.884,0.597,99.4,99.4,189.3,1
213,morfonica,胡蝶翔る星月夜,0.72961,0.129,1.60234,6.39472,0.14945,0.815,0.686,99.4,99.4,204.7,1
214,morfonica,Color of Us,0.7269,0.2953,1.51476,6.04621,0.18726,0.856,0.5607,97.5,97.5,233.7,1
215,morfonica,Resonant Strings,0.74845,0.082,1.55574,6.21048,0.15277,0.811,0.729,97.5,97.5,240.4,1
216,morfonica,Shining Leaves,0.79838,0.179,1.50459,6.00459,0.16217,0.883,0.704,92.3,92.3,218.0,1
217,morfonica,音がえしのセレナーデ,0.72436,0.563,1.44135,5.75547,0.23389,0.892,0.329,92.3,92.3,301.8,1
218,morfonica,蒼穹へのトレイル,0.76411,0.4097,1.44617,5.77099,0.22369,0.906,0.4963,95.7,95.7,219.2,1
219,morfonica,QUEEN (Cover),0.77847,0.1615,1.32373,5.27435,0.19641,0.889,0.7275,84.7,84.7,145.8,1
220,morfonica,again (Cover),0.74146,0.524,1.57895,6.30383,0.21813,0.91,0.386,94.0,94.0,250.8,1
221,morfonica,輪舞-revolution (Cover),0.74838,0.2135,2.09506,8.36929,0.14529,0.86,0.6465,129.2,129.2,273.5,1
222,morfonica,メロウ (Cover),0.66656,0.5509,1.1557,4.61075,0.22957,0.846,0.2951,72.8,72.8,249.2,1
223,morfonica,祝福 (Cover),0.70688,0.329,1.37416,5.48121,0.17493,0.832,0.503,169.4,84.7,194.3,1
224,morfonica,Overdose (Cover),0.68808,0.347,1.86598,7.44845,0.18467,0.8091,0.4621,117.5,117.5,194.0,1
225,morfonica,かくれんぼ (Cover),0.79667,0.5056,1.43288,5.72146,0.23469,0.938,0.4324,90.7,90.7,298.7,1
226,morfonica,chAngE (Cover),0.64976,0.2472,1.25,4.98798,0.1505,0.746,0.4988,82.0,82.0,249.6,1
227,morfonica,ALIVE (Cover),0.76583,0.2692,1.38426,5.52315,0.20979,0.887,0.6178,178.2,89.1,216.0,1
228,morfonica,Nameless Story (Cover),0.74293,0.305,1.55144,6.19342,0.16379,0.865,0.56,97.5,97.5,243.0,1
229,morfonica,青空のラプソディ (Cover),0.77867,0.1786,2.16294,8.64095,0.14696,0.875,0.6964,136.0,136.0,277.4,1
230,morfonica,Nevereverland (Cover),0.62645,0.8008,1.43702,5.73765,0.2808,0.8098,0.009,103.4,103.4,287.4,1
231,morfonica,メリッサ (Cover),0.6843,0.13,1.38629,5.53349,0.13159,0.762,0.632,84.7,84.7,256.8,1
232,morfonica,COLORFUL BOX (Cover),0.70471,0.1388,2.60906,10.42366,0.14449,0.7934,0.6546,161.5,161.5,238.4,1
233,morfonica,unravel (Cover),0.59395,0.663,2.05981,8.22662,0.2712,0.819,0.156,136.0,136.0,237.4,1
234,morfonica,アゲハ蝶 (Cover),0.68992,0.1741,1.89882,7.58461,0.12481,0.773,0.5989,114.8,114.8,280.7,1
235,morfonica,V.I.P (Cover),0.75295,0.1062,1.39535,5.56589,0.16061,0.834,0.7278,92.3,92.3,193.5,1
236,morfonica,CQCQ (Cover),0.68321,0.2296,2.34445,9.36429,0.16216,0.796,0.5664,143.6,143.6,221.8,1
237,mugendai_mutype,アイの夢限,0.66582,0.7026,1.91022,7.62594,0.27057,0.9196,0.217,120.2,120.2,200.5,1
238,mugendai_mutype,どんがらがっしゃん,0.78032,0.1456,2.11196,8.43257,0.15962,0.862,0.7164,132.5,132.5,196.5,1
239,mugendai_mutype,みゅーたんとミュータント,0.65559,0.4028,2.39219,9.55515,0.19156,0.839,0.4362,152.0,152.0,220.3,1
240,mugendai_mutype,チューニング,0.59879,0.7191,1.59694,6.37245,0.2472,0.8107,0.0916,97.5,97.5,196.0,1
241,mugendai_mutype,Dream Voyage,0.75329,0.2636,2.44377,9.76363,0.15161,0.8407,0.5771,156.6,156.6,262.3,1
242,mugendai_mutype,グラディエント,0.52814,0.5134,1.89055,7.54726,0.21565,0.706,0.1926,120.2,120.2,201.0,1
243,mugendai_mutype,LET'Sあちあちトレーニング！,0.61223,0.68,2.79903,11.1816,0.25025,0.818,0.138,178.2,178.2,206.5,1
244,mugendai_mutype,真夜中遊園地,0.67341,0.354,1.58696,6.33478,0.1654,0.777,0.423,97.5,97.5,230.0,1
245,mugendai_mutype,テレパシー,0.47032,0.726,1.23228,4.91732,0.25415,0.726,0.0,89.1,89.1,254.0,1
246,mugendai_mutype,TRASH LIFE,0.40513,0.765,1.61502,6.44601,0.32497,0.765,0.0,120.2,120.2,213.0,1
247,mugendai_mutype,新人類は仮想世界の夢を見るか?,0.66184,0.2348,1.5,5.98718,0.13704,0.766,0.5312,90.7,90.7,234.0,1
248,mugendai_mutype,コミュ着火Fire!,0.65368,0.2614,1.64865,6.57838,0.13029,0.7538,0.4924,198.8,99.4,185.0,1
249,mugendai_mutype,Calling,0.78134,0.4458,1.45445,5.80132,0.19359,0.908,0.4622,87.6,87.6,182.2,1
250,mugendai_mutype,Hi-Vision,0.5908,0.4731,1.63435,6.52078,0.21575,0.7647,0.2916,101.3,101.3,180.5,1
251,mugendai_mutype,コハク,0.53525,0.708,1.48636,5.93182,0.23722,0.742,0.034,97.5,97.5,220.0,1
252,mugendai_mutype,✞animaるパーティ✞開催中✞,0.6727,0.5408,1.49153,5.94915,0.22144,0.8464,0.3056,97.5,97.5,177.0,1
253,mugendai_mutype,エンプティパペット,0.5488,0.5366,1.97312,7.87634,0.21079,0.7386,0.202,126.0,126.0,186.0,1
254,mugendai_mutype,限界現実サバイブ天使,0.64691,0.2567,1.54592,6.16837,0.15063,0.7317,0.475,94.0,94.0,196.0,1
255,mugendai_mutype,ビッグマウス,0.71029,0.3476,2.38728,9.53179,0.15554,0.819,0.4714,143.6,143.6,173.0,1
256,mugendai_mutype,夢現妄想世界,0.84696,0.1315,1.58812,6.33836,0.15013,0.9085,0.777,97.5,97.5,212.2,1
257,mugendai_mutype,やわやわNERD 超FreQuency,0.70045,0.2955,2.39872,9.57889,0.17889,0.8303,0.5348,147.7,147.7,187.6,1
258,mugendai_mutype,超惑星Xへの旅,0.68603,0.4601,2.20622,8.8076,0.19962,0.8791,0.419,136.0,136.0,173.6,1
259,mugendai_mutype,これはぼくたちの生存のあらすじ,0.75443,0.204,1.55877,6.22232,0.17639,0.851,0.647,95.7,95.7,234.8,1
260,mygo,迷星叫,0.85024,0.3292,1.386,5.5298,0.22419,0.977,0.6478,95.7,95.7,211.4,1
261,mygo,壱雫空,0.89002,0.199,1.62447,6.48207,0.19368,0.9999,0.8009,101.3,101.3,189.6,1
262,mygo,碧天伴走,0.88985,0.0854,1.54408,6.16263,0.15336,0.947,0.8616,95.7,95.7,218.9,1
263,mygo,影色舞,0.78836,0.141,2.61098,10.42959,0.15719,0.874,0.733,166.7,166.7,209.5,1
264,mygo,歌いましょう鳴らしましょう,0.85003,0.145,1.77904,7.09915,0.16173,0.928,0.783,110.0,110.0,176.5,1
265,mygo,潜在表明,0.71192,0.3054,2.04502,8.16864,0.17678,0.846,0.5406,136.0,136.0,262.1,1
266,mygo,音一会,0.87798,0.1034,1.57801,6.30142,0.13483,0.9378,0.8344,198.8,99.4,282.0,1
267,mygo,春日影 (MyGO!!!!! ver.),0.82301,0.364,1.53157,6.11458,0.18058,0.952,0.588,195.0,97.5,256.6,1
268,mygo,詩超絆,0.74936,0.7344,1.41231,5.63659,0.30457,0.953,0.2186,191.4,95.7,237.2,1
269,mygo,迷路日々,0.89297,0.2682,2.03248,8.11601,0.20722,1.0,0.7318,129.2,129.2,215.5,1
270,mygo,無路矢,0.93871,0.0754,1.9336,7.72095,0.16809,1.0,0.9246,120.2,120.2,222.9,1
271,mygo,名無声,0.86383,0.2149,1.49061,5.95142,0.16206,0.94,0.7251,191.4,95.7,271.7,1
272,mygo,栞,0.80751,0.3679,0.85961,3.42718,0.20202,0.964,0.5961,87.6,87.6,266.4,1
273,mygo,歩拾道,0.87758,0.108,2.0899,8.34806,0.14505,0.948,0.84,129.2,129.2,260.3,1
274,mygo,明弦音,0.94413,0.0769,1.47191,5.87536,0.17887,1.0,0.9231,92.3,92.3,243.9,1
275,mygo,孤壊牢,0.91239,0.1949,1.44712,5.77458,0.20576,1.0,0.8051,90.7,90.7,215.6,1
276,mygo,霧周途,0.9231,0.0992,1.77768,7.09721,0.17885,0.993,0.8938,110.0,110.0,222.2,1
277,mygo,端程山,0.91422,0.181,1.42529,5.68966,0.16607,1.0,0.819,90.7,90.7,261.0,1
278,mygo,処救生,0.95527,0.076,1.55402,6.2023,0.15873,1.0,0.924,95.7,95.7,217.5,1
279,mygo,輪符雨,0.9498,0.1148,2.46146,9.83141,0.16791,1.0,0.8852,152.0,152.0,207.6,1
280,mygo,夜隠染,0.86805,0.3103,1.70149,6.79104,0.20124,0.9817,0.6714,112.3,112.3,201.0,1
281,mygo,過惰幻,0.67845,0.5145,1.03114,4.11195,0.23742,0.9115,0.397,84.7,84.7,237.6,1
282,mygo,回層浮,0.85584,0.1949,1.58882,6.3438,0.19078,0.9679,0.773,99.4,99.4,261.2,1
283,mygo,砂寸奏,0.87111,0.3462,1.48927,5.94365,0.22457,0.998,0.6518,90.7,90.7,223.6,1
284,mygo,焚音打,0.9149,0.166,1.4121,5.63606,0.18502,1.0,0.834,95.7,95.7,242.9,1
285,mygo,残痕字,0.88237,0.092,1.30929,5.2254,0.18493,0.963,0.871,87.6,87.6,255.1,1
286,mygo,掌心正銘,0.86603,0.1892,1.42664,5.693,0.18616,0.956,0.7668,92.3,92.3,221.5,1
287,mygo,証命讃歌,0.87353,0.1514,1.68574,6.72737,0.16809,0.9514,0.8,105.5,105.5,192.2,1
288,mygo,エガクミライ,0.76539,0.586,1.28655,5.13367,0.26005,0.942,0.356,87.6,87.6,239.4,1
289,mygo,静降想,0.81632,0.5542,1.82602,7.29331,0.28447,1.0,0.4458,123.0,123.0,278.2,1
290,mygo,聿日箋秋,0.89427,0.27,1.46785,5.85871,0.17565,0.976,0.706,90.7,90.7,236.4,1
291,mygo,往欄印,0.92939,0.115,1.4257,5.69272,0.15681,1.0,0.885,90.7,90.7,298.1,1
292,mygo,だれかの心臓になれたなら (Cover),0.68758,0.804,1.16328,4.64044,0.28916,0.848,0.044,72.8,72.8,236.4,1
293,mygo,遥か彼方 (Cover),0.74012,0.2176,1.33226,5.31701,0.16717,0.855,0.6374,87.6,87.6,249.2,1
294,mygo,雑踏、僕らの街 (Cover),0.72897,0.4604,1.35494,5.40383,0.22029,0.866,0.4056,86.1,86.1,188.2,1
295,mygo,過去を喰らう (Cover),0.85218,0.157,1.45114,5.7921,0.13939,0.922,0.765,94.0,94.0,240.5,1
296,mygo,君の神様になりたい。 (Cover),0.88181,0.1654,1.60048,6.38989,0.16335,0.96,0.7946,97.5,97.5,249.3,1
297,mygo,ノンブレス・オブリージュ (Cover),0.7511,0.4215,0.91172,3.63242,0.23085,0.906,0.4845,73.8,73.8,207.3,1
298,mygo,swim (Cover),0.92839,0.137,1.52745,6.09547,0.18154,0.999,0.862,97.5,97.5,209.5,1
299,mygo,猛独が襲う (Cover),0.91787,0.278,2.50492,10.00786,0.20694,1.0,0.722,156.6,156.6,254.3,1
300,mygo,春日影,0.0,0.0,0.91057,3.61789,0.0,0.0,0.0,64.6,64.6,123.0,1
301,pastel_palettes,TITLE IDOL,0.67029,0.203,2.34724,9.37779,0.14024,0.7625,0.5595,143.6,143.6,268.4,1
302,pastel_palettes,ワクワクmeetsトリップ,0.63626,0.2984,2.23615,8.93247,0.15934,0.7676,0.4692,136.0,136.0,247.3,1
303,pastel_palettes,ゆら・ゆらRing-Dong-Dance,0.56214,0.4062,1.41456,5.64693,0.17028,0.7291,0.3229,86.1,86.1,265.1,1
304,pastel_palettes,もういちど ルミナス,0.66046,0.4074,1.38077,5.51154,0.19277,0.793,0.3856,84.7,84.7,260.0,1
305,pastel_palettes,あっつあつ 常夏 らぶ☆サマー！,0.70754,0.1745,1.39733,5.57716,0.15961,0.795,0.6205,172.3,86.1,246.9,1
306,pastel_palettes,天下トーイツ A to Z☆,0.659,0.3073,2.47027,9.86734,0.15616,0.778,0.4707,152.0,152.0,218.6,1
307,pastel_palettes,しゅわりん☆どり〜みん,0.56671,0.2224,1.38325,5.5203,0.1484,0.681,0.4586,175.2,87.6,236.4,1
308,pastel_palettes,Power of LOVE!!!,0.67675,0.189,1.39836,5.58049,0.14194,0.779,0.59,87.6,87.6,231.7,1
309,pastel_palettes,きゅ～まい＊flower,0.67675,0.209,1.49139,5.95195,0.16554,0.774,0.565,184.6,92.3,220.6,1
310,pastel_palettes,Winking☆Cheer,0.58495,0.3278,1.54789,6.18188,0.17117,0.724,0.3962,99.4,99.4,310.1,1
311,pastel_palettes,ゆめゆめグラデーション,0.64271,0.1651,2.21637,8.85494,0.13103,0.7226,0.5575,136.0,136.0,284.7,1
312,pastel_palettes,はなまる◎アンダンテ,0.64378,0.3967,2.56071,10.22958,0.19493,0.802,0.4053,166.7,166.7,226.5,1
313,pastel_palettes,パスパレボリューションず☆,0.7065,0.2122,1.32728,5.29615,0.19209,0.8206,0.6084,87.6,87.6,231.3,1
314,pastel_palettes,SURVIVOR ねばーぎぶあっぷ!,0.71622,0.1966,1.59292,6.35961,0.13831,0.8044,0.6078,198.8,99.4,248.6,1
315,pastel_palettes,Wonderland Girl,0.66963,0.374,2.19926,8.78598,0.15479,0.823,0.449,136.0,136.0,271.0,1
316,pastel_palettes,ゼッタイ宣言～Recital～,0.63545,0.4898,1.44099,5.75155,0.21602,0.7918,0.302,178.2,89.1,241.5,1
317,pastel_palettes,ぎゅっDAYS♪,0.65413,0.1926,2.77424,11.08506,0.13089,0.758,0.5654,172.3,172.3,251.6,1
318,pastel_palettes,Wonderful Sweet!,0.72133,0.269,1.33387,5.32336,0.16996,0.839,0.57,83.4,83.4,247.4,1
319,pastel_palettes,るんっ♪てぃてぃー！,0.75642,0.145,1.256,5.0109,0.16049,0.8532,0.7082,82.0,82.0,229.3,1
320,pastel_palettes,パッパレ☆人生！バーン万歳！,0.67733,0.1952,1.36952,5.46555,0.14865,0.7662,0.571,84.7,84.7,239.5,1
321,pastel_palettes,Brand new Pastel Road!,0.65155,0.299,2.66928,10.66536,0.16257,0.763,0.464,172.3,172.3,255.5,1
322,pastel_palettes,あこがれacross,0.70636,0.2401,1.51748,6.05712,0.15614,0.8171,0.577,191.4,95.7,234.6,1
323,pastel_palettes,ハレハレ☆フォーチュン,0.63493,0.2611,2.22551,8.89094,0.18321,0.747,0.4859,147.7,147.7,270.5,1
324,pastel_palettes,ハナヒバナ,0.60277,0.838,1.42961,5.70751,0.29185,0.838,0.0,95.7,95.7,274.2,1
325,pastel_palettes,そばかす,0.69949,0.196,1.37271,5.47885,0.15771,0.82,0.624,84.7,84.7,250.6,1
326,pastel_palettes,気まぐれロマンティック,0.68281,0.2462,1.81296,7.23954,0.15875,0.7983,0.5521,112.3,112.3,243.8,1
327,pastel_palettes,ドリームパレード,0.71904,0.0881,1.38901,5.54325,0.13109,0.7761,0.688,86.1,86.1,234.7,1
328,pastel_palettes,ラムのラブソング,0.57534,0.5745,1.89655,7.56773,0.21043,0.735,0.1605,120.2,120.2,162.4,1
329,pastel_palettes,DANCE! おジャ魔女,0.70164,0.1722,2.40712,9.61323,0.17244,0.8072,0.635,152.0,152.0,196.5,1
330,pastel_palettes,DISCOTHEQUE,0.6297,0.24,2.33868,9.34238,0.14404,0.754,0.514,143.6,143.6,243.3,1
331,pastel_palettes,ゆりゆららららゆるゆり大事件,0.72033,0.2672,1.40863,5.62146,0.16619,0.862,0.5948,87.6,87.6,229.3,1
332,pastel_palettes,SAKURAスキップ,0.68264,0.1643,1.34615,5.3715,0.12587,0.768,0.6037,82.0,82.0,228.8,1
333,pastel_palettes,Stay Alive,0.63177,0.6278,2.30682,9.21591,0.22976,0.797,0.1692,139.7,139.7,264.0,1
334,pastel_palettes,秘密の扉から会いにきて,0.70254,0.2769,1.45929,5.82342,0.16529,0.799,0.5221,184.6,92.3,218.6,1
335,pastel_palettes,トリドリ＊パレット,0.78108,0.18,1.39968,5.58684,0.1615,0.868,0.688,89.1,89.1,252.2,1
336,pastel_palettes,ドラマチック！アライブ,0.71893,0.1962,1.51445,6.04624,0.14342,0.807,0.6108,184.6,92.3,259.5,1
337,pastel_palettes,Radiate Warriors,0.6491,0.489,2.06825,8.26051,0.20292,0.798,0.309,129.2,129.2,240.3,1
338,pastel_palettes,ReReReエボリューションず☆,0.74663,0.2729,1.43124,5.71096,0.17685,0.8671,0.5942,94.0,94.0,214.5,1
339,pastel_palettes,everyday flower,0.743,0.231,2.06409,8.24386,0.16128,0.838,0.607,136.0,136.0,240.3,1
340,pastel_palettes,With〜きみとわたしたちの物語〜,0.6974,0.2256,1.41114,5.63237,0.16419,0.807,0.5814,94.0,94.0,245.9,1
341,pastel_palettes,フレっとパレットFight Song!!,0.76641,0.1284,2.35124,9.39256,0.1466,0.841,0.7126,143.6,143.6,242.0,1
342,pastel_palettes,デイオフ・ラフ・ラブ・サンクス,0.70178,0.2572,2.24867,8.98236,0.1588,0.812,0.5548,139.7,139.7,243.7,1
343,pastel_palettes,ホワイト ノスタルジア,0.65768,0.5275,2.03665,8.13601,0.23222,0.8315,0.304,139.7,139.7,283.8,1
344,pastel_palettes,Y.O.L.O！！！！！(パスパレver.),0.73173,0.1974,1.71811,6.86129,0.14921,0.826,0.6286,105.5,105.5,268.9,1
345,pastel_palettes,奏（かなで） (Cover),0.47017,0.3968,2.27921,9.10666,0.17319,0.6172,0.2204,152.0,152.0,294.4,1
346,pastel_palettes,Sparkling Daydream (Cover),0.69299,0.2933,1.39246,5.55778,0.1661,0.8003,0.507,87.6,87.6,249.2,1
347,pastel_palettes,春を告げる (Cover),0.50058,0.65,1.75465,7.00352,0.2068,0.65,0.0,120.2,120.2,198.9,1
348,pastel_palettes,だから、ひとりじゃない (Cover),0.68887,0.392,1.46023,5.8279,0.17372,0.816,0.424,90.7,90.7,230.1,1
349,pastel_palettes,サインはB (Cover),0.70427,0.3617,1.34169,5.35283,0.18433,0.8339,0.4722,87.6,87.6,215.4,1
350,pastel_palettes,愛包ダンスホール (Cover),0.67828,0.2306,2.26661,9.05296,0.16115,0.787,0.5564,139.7,139.7,222.8,1
351,pastel_palettes,最上級にかわいいの！ (Cover),0.78258,0.2426,2.65029,10.58547,0.17491,0.9016,0.659,166.7,166.7,191.3,1
352,pastel_palettes,♡桃色片想い♡ (Cover),0.7315,0.1306,2.48059,9.91071,0.14017,0.8086,0.678,152.0,152.0,257.6,1
353,pastel_palettes,金曜日のおはよう (Cover),0.66146,0.3316,2.40794,9.61936,0.18906,0.779,0.4474,152.0,152.0,241.7,1
354,pastel_palettes,魔法少女とチョコレゐト (Cover),0.72207,0.3941,2.3883,9.53723,0.22484,0.899,0.5049,152.0,152.0,188.0,1
355,pastel_palettes,可愛くてごめん (Cover),0.65302,0.4656,2.58284,10.31775,0.19653,0.784,0.3184,161.5,161.5,220.3,1
356,pastel_palettes,からくりピエロ (Cover),0.51123,0.7004,1.59794,6.37986,0.22037,0.7014,0.001,101.3,101.3,252.2,1
357,pastel_palettes,みくみくにしてあげる♪【してやんよ】 (Cover),0.61721,0.1232,2.46377,9.82609,0.17965,0.7206,0.5974,161.5,161.5,103.5,1
358,pastel_palettes,ルカルカ★ナイトフィーバー (Cover),0.64676,0.1749,2.55372,10.20248,0.14744,0.741,0.5661,161.5,161.5,242.0,1
359,pastel_palettes,アイドル (Cover),0.76452,0.422,2.69123,10.75093,0.20205,0.9311,0.5091,166.7,166.7,214.4,1
360,pastel_palettes,secret base ～君がくれたもの～ (Cover),0.50529,0.464,1.96584,7.85404,0.1815,0.649,0.185,143.6,143.6,322.0,1
361,pastel_palettes,ふわふわ時間 (Cover),0.60066,0.371,1.47635,5.89315,0.16123,0.723,0.352,90.7,90.7,245.2,1
362,pastel_palettes,Fantastic future (Cover),0.5401,0.2774,1.35277,5.39895,0.14144,0.636,0.3586,86.1,86.1,246.9,1
363,pastel_palettes,Baby Sweet Berry Love (Cover),0.64179,0.248,1.32269,5.27846,0.15016,0.743,0.495,84.7,84.7,244.2,1
364,pastel_palettes,Q＆A　リサイタル！ (Cover),0.60783,0.221,1.43544,5.73146,0.15911,0.709,0.488,90.7,90.7,291.2,1
365,pastel_palettes,ヒトリゴト (Cover),0.65982,0.121,2.61368,10.44199,0.13338,0.73,0.609,166.7,166.7,235.3,1
366,pastel_palettes,惑星ループ (Cover),0.65778,0.2706,1.36847,5.45938,0.16964,0.7916,0.521,84.7,84.7,206.8,1
367,pastel_palettes,世界は恋に落ちている (Cover),0.55133,0.39,2.07854,8.3046,0.16248,0.689,0.299,129.2,129.2,313.2,1
368,pastel_palettes,ハッピーシンセサイザ (Cover),0.56923,0.1325,1.91176,7.63445,0.15873,0.6565,0.524,126.0,126.0,238.0,1
369,pastel_palettes,春擬き (Cover),0.70705,0.308,2.68773,10.73978,0.17854,0.822,0.514,172.3,172.3,269.0,1
370,pastel_palettes,Make it! (Cover),0.75797,0.178,1.31537,5.2496,0.14155,0.852,0.674,172.3,86.1,252.4,1
371,pastel_palettes,花ハ踊レヤいろはにほ (Cover),0.68536,0.24,2.53286,10.11947,0.16256,0.817,0.577,161.5,161.5,251.1,1
372,pastel_palettes,夜に駆ける (Cover),0.70794,0.2346,2.04494,8.16832,0.16602,0.8086,0.574,129.2,129.2,262.6,1
373,pastel_palettes,徒花ネクロマンシー (Cover),0.67896,0.1775,1.41327,5.64071,0.13514,0.77,0.5925,86.1,86.1,242.7,1
374,pastel_palettes,ノスタルジックレインフォール (Cover),0.60612,0.4804,2.55274,10.19831,0.20997,0.782,0.3016,166.7,166.7,237.0,1
375,poppin_party,Yes! BanG_Dream!,0.57359,0.305,1.5129,6.04194,0.14067,0.715,0.41,92.3,92.3,310.0,1
376,poppin_party,STAR BEAT!～ホシノコドウ～,0.7158,0.2456,1.54662,6.17711,0.15774,0.808,0.5624,97.5,97.5,320.7,1
377,poppin_party,走り始めたばかりのキミに,0.62298,0.519,2.50192,9.99617,0.21011,0.784,0.265,166.7,166.7,261.0,1
378,poppin_party,ティアドロップス,0.65949,0.467,1.5661,6.25058,0.21354,0.8055,0.3385,95.7,95.7,217.1,1
379,poppin_party,ときめきエクスペリエンス！,0.67088,0.1574,1.48234,5.91773,0.13584,0.7632,0.6058,90.7,90.7,257.7,1
380,poppin_party,キラキラだとか夢だとか ～Sing Girls～,0.67989,0.159,1.48088,5.9137,0.13022,0.759,0.6,90.7,90.7,305.9,1
381,poppin_party,私の心はチョココロネ,0.61633,0.304,2.09964,8.38671,0.1679,0.735,0.431,132.5,132.5,252.9,1
382,poppin_party,前へススメ！,0.67551,0.325,1.35703,5.41842,0.15798,0.781,0.456,90.7,90.7,309.5,1
383,poppin_party,夢みるSunflower,0.63664,0.3936,1.25045,4.99107,0.19676,0.7793,0.3857,82.0,82.0,279.9,1
384,poppin_party,ティアドロップス ～Popipa Acoustic Ver.～,0.53666,0.6305,2.71594,10.85088,0.21809,0.696,0.0655,178.2,178.2,232.7,1
385,poppin_party,走り始めたばかりのキミに ～Popipa Acoustic Ver.～,0.39511,0.653,1.64416,6.56651,0.24077,0.653,0.0,107.7,107.7,296.2,1
386,poppin_party,Time Lapse,0.61582,0.4771,1.39759,5.57831,0.20372,0.771,0.2939,95.7,95.7,249.0,1
387,poppin_party,八月のif,0.63273,0.3699,1.88974,7.54806,0.19482,0.7711,0.4012,120.2,120.2,275.7,1
388,poppin_party,クリスマスのうた,0.63278,0.4192,2.05479,8.20836,0.20752,0.763,0.3438,139.7,139.7,277.4,1
389,poppin_party,B.O.F,0.69096,0.1542,1.34765,5.37688,0.15665,0.789,0.6348,87.6,87.6,218.9,1
390,poppin_party,CiRCLING,0.66994,0.1481,1.25526,5.00957,0.13871,0.747,0.5989,79.5,79.5,261.3,1
391,poppin_party,二重の虹(ダブル レインボウ),0.64604,0.2386,1.47035,5.86921,0.14722,0.7638,0.5252,94.0,94.0,246.2,1
392,poppin_party,最高(さあ行こう)！,0.67134,0.1542,1.41547,5.64875,0.15619,0.757,0.6028,90.7,90.7,228.9,1
393,poppin_party,ガールズコード,0.76067,0.2088,2.03567,8.13346,0.15693,0.851,0.6422,126.0,126.0,325.2,1
394,poppin_party,Yes! BanG_Dream! ～Popipa Acoustic Ver.～,0.55141,0.2038,1.36835,5.46368,0.14,0.6557,0.4519,84.7,84.7,308.4,1
395,poppin_party,夏空 SUN! SUN! SEVEN! ～Popipa Acoustic Ver.～,0.47701,0.441,2.6042,10.4068,0.17399,0.613,0.172,161.5,161.5,299.9,1
396,poppin_party,STAR BEAT!～ホシノコドウ～ ～Popipa Acoustic Ver.～,0.37607,0.524,1.38236,5.52029,0.17486,0.524,0.0,87.6,87.6,327.7,1
397,poppin_party,Breakthrough!,0.69543,0.2142,1.41407,5.6454,0.16886,0.7971,0.5829,184.6,92.3,275.8,1
398,poppin_party,NO GIRL NO CRY/Poppin'Party Ver.,0.74473,0.185,1.55371,6.20524,0.15743,0.829,0.644,95.7,95.7,312.8,1
399,poppin_party,イニシャル,0.6729,0.4216,1.52778,6.10095,0.19721,0.8043,0.3827,95.7,95.7,295.2,1
400,poppin_party,Hello! Wink!,0.65493,0.1637,2.45477,9.80844,0.15351,0.7539,0.5902,152.0,152.0,281.9,1
401,poppin_party,Step×Step!,0.62817,0.6135,2.28514,9.12851,0.22924,0.771,0.1575,147.7,147.7,249.0,1
402,poppin_party,Jumpin',0.69961,0.2815,1.45623,5.81283,0.16416,0.805,0.5235,97.5,97.5,247.9,1
403,poppin_party,White Afternoon,0.64561,0.3694,2.25,8.99,0.19151,0.782,0.4126,143.6,143.6,300.0,1
404,poppin_party,キラキラスター！,0.69424,0.152,1.17029,4.67029,0.16121,0.788,0.636,74.9,74.9,276.0,1
405,poppin_party,Returns,0.6425,0.4732,1.16646,4.65656,0.23114,0.805,0.3318,92.3,92.3,323.2,1
406,poppin_party,Dreamers Go!,0.67712,0.1985,1.45736,5.81783,0.15705,0.77,0.5715,184.6,92.3,258.0,1
407,poppin_party,キズナミュージック♪,0.70701,0.1576,1.52188,6.078,0.13966,0.786,0.6284,94.0,94.0,315.4,1
408,poppin_party,ミライトレイン,0.67141,0.4072,1.35789,5.42311,0.19872,0.793,0.3858,87.6,87.6,355.7,1
409,poppin_party,夢を撃ち抜く瞬間に！,0.73874,0.3234,1.47897,5.9052,0.17078,0.838,0.5146,101.3,101.3,280.6,1
410,poppin_party,ぽっぴん'しゃっふる,0.72236,0.228,1.80805,7.22142,0.15247,0.823,0.595,110.0,110.0,278.2,1
411,poppin_party,夏空 SUN! SUN! SEVEN!,0.76747,0.161,1.4233,5.68215,0.13898,0.844,0.683,87.6,87.6,271.2,1
412,poppin_party,1000回潤んだ空,0.5832,0.729,1.0127,4.04172,0.28781,0.823,0.094,90.7,90.7,330.8,1
413,poppin_party,HAPPY HAPPY PARTY!,0.7057,0.2132,1.1469,4.57699,0.17792,0.805,0.5918,69.8,69.8,282.5,1
414,poppin_party,夏のドーン！,0.63652,0.1964,1.21554,4.84862,0.16205,0.7297,0.5333,79.5,79.5,221.3,1
415,poppin_party,キミにもらったもの,0.42099,0.736,1.92014,7.6678,0.26435,0.74,0.004,147.7,147.7,235.4,1
416,poppin_party,Light Delight,0.67077,0.557,1.37306,5.48251,0.23849,0.814,0.257,90.7,90.7,308.8,1
417,poppin_party,切ないSandglass,0.69468,0.5824,1.37525,5.48884,0.24838,0.866,0.2836,92.3,92.3,246.5,1
418,poppin_party,Home Street,0.67206,0.3842,1.67105,6.67105,0.20137,0.818,0.4338,105.5,105.5,228.0,1
419,poppin_party,What's the POPIPA!?,0.71718,0.147,1.5357,6.13204,0.12948,0.7995,0.6525,184.6,92.3,278.7,1
420,poppin_party,SAKURA MEMORIES,0.59355,0.391,1.35507,5.40848,0.17283,0.701,0.31,175.2,87.6,254.6,1
421,poppin_party,アニバーサリー,0.73118,0.104,1.34405,5.36523,0.13867,0.799,0.695,84.7,84.7,273.8,1
422,poppin_party,Tomorrow's Door,0.78805,0.165,1.36107,5.43215,0.20207,0.886,0.721,89.1,89.1,247.6,1
423,poppin_party,イントロダクション,0.66289,0.2007,1.34146,5.3523,0.14591,0.7607,0.56,82.0,82.0,221.4,1
424,poppin_party,TARINAI,0.73913,0.2535,1.57559,6.28871,0.15217,0.8361,0.5826,95.7,95.7,219.6,1
425,poppin_party,DOKI DOKI SCARY,0.81061,0.25,2.29201,9.15557,0.15757,0.906,0.656,143.6,143.6,240.4,1
426,poppin_party,Photograph,0.6979,0.247,2.34793,9.38009,0.19063,0.799,0.552,152.0,152.0,258.1,1
427,poppin_party,夏に閉じこめて,0.66738,0.3244,1.44113,5.75306,0.17146,0.782,0.4576,95.7,95.7,261.6,1
428,poppin_party,ぽっぴん'どりーむ！,0.74984,0.145,1.61601,6.45293,0.14637,0.829,0.684,99.4,99.4,269.8,1
429,poppin_party,星の約束,0.75307,0.3272,1.37087,5.47124,0.17918,0.856,0.5288,87.6,87.6,245.1,1
430,poppin_party,新しい季節に,0.72378,0.3618,1.94523,7.76676,0.17819,0.827,0.4652,126.0,126.0,211.8,1
431,poppin_party,トレモロアイズ,0.76395,0.2424,1.25932,5.02486,0.14864,0.86,0.6176,82.0,82.0,241.4,1
432,poppin_party,雨上がり、キミと,0.86717,0.17,1.43287,5.7202,0.16104,0.934,0.764,94.0,94.0,265.9,1
433,poppin_party,花咲く未来に,0.83059,0.129,1.13727,4.53821,0.1514,0.909,0.78,69.8,69.8,276.1,1
434,poppin_party,Live Beyond!!,0.69063,0.1635,1.50985,6.02988,0.13729,0.776,0.6125,191.4,95.7,314.6,1
435,poppin_party,Sweets BAN!,0.65973,0.179,2.50879,10.02345,0.14495,0.738,0.559,156.6,156.6,255.9,1
436,poppin_party,キミが始まる！,0.65976,0.1236,1.45738,5.81577,0.13473,0.729,0.6054,178.2,89.1,218.2,1
437,poppin_party,Moonlight Walk,0.65018,0.2405,1.56222,6.23566,0.15739,0.7507,0.5102,95.7,95.7,226.6,1
438,poppin_party,ここから先は歌にならない,0.60851,0.2324,1.54539,6.17075,0.14232,0.71,0.4776,95.7,95.7,277.6,1
439,poppin_party,青春 To Be Continued,0.78244,0.2806,2.18799,8.74025,0.16255,0.897,0.6164,132.5,132.5,256.4,1
440,poppin_party,Future Place,0.79371,0.178,1.50215,5.99571,0.14651,0.872,0.694,92.3,92.3,233.0,1
441,poppin_party,大好き！,0.77735,0.1746,2.53333,10.12121,0.20779,0.8846,0.71,166.7,166.7,247.5,1
442,poppin_party,Five Letters,0.69304,0.5285,1.92215,7.67657,0.21851,0.8603,0.3318,129.2,129.2,249.2,1
443,poppin_party,最強☆ソング,0.77534,0.3607,1.47001,5.86829,0.1872,0.9091,0.5484,181.3,90.7,255.1,1
444,poppin_party,RiNG A BELL,0.78521,0.1199,1.4324,5.71812,0.1583,0.8629,0.743,90.7,90.7,261.1,1
445,poppin_party,Drive Your Heart,0.8267,0.1964,2.36147,9.43473,0.15613,0.912,0.7156,147.7,147.7,268.9,1
446,poppin_party,とっておきAnswer,0.79704,0.208,1.52439,6.08232,0.1758,0.9,0.692,95.7,95.7,196.8,1
447,poppin_party,START!! True dreams,0.82543,0.212,1.44092,5.75134,0.17942,0.921,0.709,178.2,89.1,242.9,1
448,poppin_party,どきどきデエト,0.77032,0.187,1.47722,5.89508,0.16265,0.857,0.67,184.6,92.3,217.3,1
449,poppin_party,チョコレイトの低音レシピ,0.60479,0.208,1.56089,6.23247,0.13957,0.713,0.505,95.7,95.7,271.0,1
450,poppin_party,Chu Chueen!,0.77684,0.188,1.72249,6.8769,0.16485,0.858,0.67,105.5,105.5,229.9,1
451,poppin_party,どきどきSING OUT!,0.67435,0.1735,1.56728,6.25705,0.13225,0.759,0.5855,97.5,97.5,248.2,1
452,poppin_party,Freedom,0.71733,0.2451,1.28118,5.11338,0.17014,0.806,0.5609,79.5,79.5,264.6,1
453,poppin_party,Game Changer,0.71191,0.2577,1.62921,6.50153,0.17805,0.829,0.5713,99.4,99.4,195.8,1
454,poppin_party,花園電気ギター！！！,0.71244,0.3144,1.48669,5.93169,0.18921,0.842,0.5276,94.0,94.0,199.1,1
455,poppin_party,す、好きなんかじゃない！,0.64946,0.2437,1.37611,5.49177,0.1433,0.7357,0.492,83.4,83.4,236.9,1
456,poppin_party,遠い音楽 ～ハートビート～,0.60504,0.225,1.36513,5.44819,0.13976,0.703,0.478,84.7,84.7,243.2,1
457,poppin_party,ほな！,0.77165,0.1842,3.01937,12.06426,0.14842,0.8526,0.6684,184.6,184.6,227.2,1
458,poppin_party,世界中の青空をあつめて,0.81497,0.2599,1.51476,6.04601,0.16171,0.9,0.6401,97.5,97.5,230.4,1
459,poppin_party,勇気Limit！,0.72351,0.148,1.83288,7.31806,0.14221,0.8,0.652,112.3,112.3,222.6,1
460,poppin_party,開けたらDream!,0.6835,0.1606,2.28479,9.12945,0.13325,0.768,0.6074,139.7,139.7,309.0,1
461,poppin_party,絆色のアンサンブル,0.62842,0.277,1.49632,5.97565,0.13897,0.725,0.448,94.0,94.0,312.1,1
462,poppin_party,NO GIRL NO CRY (Poppin'Party Ver.),0.74473,0.185,1.5601,6.23082,0.15743,0.829,0.644,95.7,95.7,312.8,1
463,poppin_party,ちゅ、多様性。 (Cover),0.777,0.2416,2.47209,9.87241,0.17702,0.8642,0.6226,152.0,152.0,188.1,1
464,poppin_party,フィクション (Cover),0.76061,0.1686,2.00431,8.00431,0.15967,0.856,0.6874,123.0,123.0,232.0,1
465,poppin_party,幾億光年 (Cover),0.81038,0.3258,1.58678,6.33624,0.17005,0.913,0.5872,191.4,95.7,275.4,1
466,poppin_party,心絵 (Cover),0.73101,0.1758,1.35177,5.3954,0.17864,0.831,0.6552,95.7,95.7,256.7,1
467,poppin_party,じょいふる (Cover),0.78733,0.221,1.1408,4.54779,0.16044,0.878,0.657,79.5,79.5,194.6,1
468,poppin_party,MATSURI BAYASHI (Cover),0.7661,0.2054,2.47079,9.87019,0.17833,0.89,0.6846,152.0,152.0,231.1,1
469,poppin_party,私は最強 (Cover),0.75402,0.2276,1.43466,5.72703,0.15023,0.851,0.6234,95.7,95.7,257.9,1
470,poppin_party,トウキョウ・シャンディ・ランデヴ (Cover),0.68796,0.237,2.20974,8.8229,0.1651,0.806,0.569,136.0,136.0,186.9,1
471,poppin_party,夜行性ハイズ (Cover),0.62288,0.1566,2.11947,8.4646,0.15308,0.715,0.5584,132.5,132.5,226.0,1
472,poppin_party,メランコリック (Cover),0.64709,0.5054,2.23982,8.9457,0.21621,0.777,0.2716,139.7,139.7,221.0,1
473,poppin_party,怪獣の花唄 (Cover),0.74438,0.3376,1.03093,4.11026,0.17937,0.8754,0.5378,74.9,74.9,223.1,1
474,poppin_party,光るなら (Cover),0.67708,0.1764,1.24113,4.95272,0.1502,0.779,0.6026,79.5,79.5,253.8,1
475,poppin_party,ミュージック・アワー (Cover),0.68988,0.15,2.06553,8.25142,0.15203,0.778,0.628,136.0,136.0,280.8,1
476,poppin_party,only my railgun (Cover),0.63306,0.507,2.29767,9.17884,0.21198,0.7755,0.2685,143.6,143.6,253.3,1
477,poppin_party,ロミオとシンデレラ (Cover),0.6818,0.122,1.38066,5.51195,0.12653,0.749,0.627,84.7,84.7,280.3,1
478,poppin_party,Daydream café (Cover),0.61031,0.3054,2.34498,9.36681,0.16534,0.72,0.4146,147.7,147.7,229.0,1
479,poppin_party,君じゃなきゃダメみたい (Cover),0.66003,0.2544,2.11097,8.43137,0.16285,0.7861,0.5317,132.5,132.5,239.7,1
480,poppin_party,＊〜アスタリスク〜 (Cover),0.76214,0.2756,1.95093,7.79185,0.16964,0.8656,0.59,129.2,129.2,252.7,1
481,poppin_party,DAYS of DASH (Cover),0.65221,0.1666,1.21403,4.8443,0.15033,0.742,0.5754,79.5,79.5,253.7,1
482,poppin_party,檄！帝国華撃団 (Cover),0.65951,0.1969,1.13759,4.53413,0.17146,0.7789,0.582,71.8,71.8,184.6,1
483,poppin_party,DAYS (Cover),0.63053,0.201,2.07997,8.3071,0.16475,0.745,0.544,136.0,136.0,235.1,1
484,poppin_party,ディスカバリー！ (Cover),0.74595,0.3096,1.39827,5.58231,0.19163,0.853,0.5434,86.1,86.1,278.2,1
485,poppin_party,チェリボム (Cover),0.77617,0.1518,1.54221,6.15666,0.14549,0.856,0.7042,191.4,95.7,246.4,1
486,poppin_party,ヴァンパイア (Cover),0.68865,0.3974,1.32821,5.29638,0.18535,0.824,0.4266,82.0,82.0,182.2,1
487,poppin_party,怪物 (Cover),0.67903,0.365,1.38432,5.52275,0.17476,0.846,0.481,84.7,84.7,206.6,1
488,poppin_party,大河よ共に泣いてくれ (Cover),0.65939,0.414,1.37217,5.47424,0.19506,0.779,0.365,87.6,87.6,207.7,1
489,poppin_party,空色デイズ (Cover),0.70651,0.227,1.41056,5.63042,0.15496,0.798,0.571,87.6,87.6,253.8,1
490,raise_a_suilen,Invincible Fighter,0.62286,0.4142,1.6102,6.42886,0.18154,0.7748,0.3606,99.4,99.4,250.9,1
491,raise_a_suilen,A DECLARATION OF ×××,0.648,0.2144,2.46042,9.83217,0.12192,0.7454,0.531,152.0,152.0,315.8,1
492,raise_a_suilen,SOUL SOLDIER,0.76499,0.332,1.35056,5.38975,0.18816,0.869,0.537,95.7,95.7,239.9,1
493,raise_a_suilen,UNSTOPPABLE,0.69309,0.4478,1.35358,5.4013,0.19847,0.818,0.3702,84.7,84.7,230.5,1
494,raise_a_suilen,HELL! or HELL?,0.66591,0.1988,1.61885,6.46475,0.13356,0.756,0.5572,99.4,99.4,282.3,1
495,raise_a_suilen,Beautiful Birthday,0.68487,0.1736,1.34323,5.36119,0.15778,0.7979,0.6243,87.6,87.6,256.1,1
496,raise_a_suilen,Takin’ my Heart,0.54947,0.4315,1.41513,5.65005,0.19388,0.7268,0.2953,92.3,92.3,286.9,1
497,raise_a_suilen,DRIVE US CRAZY,0.71011,0.229,1.75417,7.00448,0.146,0.813,0.584,105.5,105.5,245.7,1
498,raise_a_suilen,!NVADE SHOW!,0.75204,0.207,1.36244,5.43846,0.15397,0.855,0.648,84.7,84.7,265.7,1
499,raise_a_suilen,REIGNING,0.72364,0.4422,1.37129,5.47314,0.23254,0.8672,0.425,90.7,90.7,249.4,1
500,raise_a_suilen,EXPOSE ‘Burn out!!!’,0.70321,0.3115,1.54036,6.15086,0.15142,0.8245,0.513,95.7,95.7,283.7,1
501,raise_a_suilen,R・I・O・T,0.64494,0.344,2.25539,9.01161,0.17532,0.765,0.421,139.7,139.7,301.5,1
502,raise_a_suilen,V.I.P MONSTER,0.70003,0.4061,2.76561,11.05002,0.20367,0.845,0.4389,172.3,172.3,241.9,1
503,raise_a_suilen,mind of Prominence,0.74639,0.2148,1.53644,6.13449,0.14972,0.8439,0.6291,94.0,94.0,266.2,1
504,raise_a_suilen,Ray of hope,0.63854,0.4844,1.88155,7.51048,0.19902,0.786,0.3016,126.0,126.0,190.8,1
505,raise_a_suilen,EXIST,0.68701,0.3884,1.92453,7.68553,0.2015,0.8164,0.428,139.7,139.7,238.5,1
506,raise_a_suilen,Sacred world,0.7713,0.211,1.12699,4.49801,0.15268,0.868,0.657,70.8,70.8,300.8,1
507,raise_a_suilen,-N-E-M-E-S-I-S-,0.72617,0.1654,2.28529,9.12995,0.13853,0.808,0.6426,143.6,143.6,267.8,1
508,raise_a_suilen,DANCING DARING,0.81178,0.1738,1.54347,6.15993,0.14859,0.888,0.7142,94.0,94.0,215.1,1
509,raise_a_suilen,BATTLE CRY,0.77358,0.0926,1.45051,5.78925,0.13921,0.835,0.7424,94.0,94.0,234.4,1
510,raise_a_suilen,Domination to world,0.80663,0.145,1.60728,6.41751,0.13878,0.889,0.744,99.4,99.4,258.2,1
511,raise_a_suilen,THE WAY OF LIFE,0.75854,0.3752,1.27624,5.09236,0.22692,0.897,0.5218,84.7,84.7,238.2,1
512,raise_a_suilen,灼熱 Bonfire!,0.79259,0.263,2.39769,9.5774,0.2061,0.899,0.636,156.6,156.6,224.8,1
513,raise_a_suilen,Repaint,0.66147,0.5816,1.65388,6.60273,0.2434,0.881,0.2994,103.4,103.4,234.6,1
514,raise_a_suilen,Life on the Lotus,0.64046,0.574,2.12906,8.5039,0.23642,0.8114,0.2374,136.0,136.0,243.3,1
515,raise_a_suilen,CORUSCATE -DNA-,0.7414,0.168,2.3904,9.55115,0.14354,0.828,0.66,147.7,147.7,287.4,1
516,raise_a_suilen,That Is How I Roll!,0.75959,0.219,1.4968,5.97593,0.17746,0.875,0.656,90.7,90.7,265.9,1
517,raise_a_suilen,しゅわりん☆どり～みん,0.55096,0.7304,1.23257,4.91896,0.23846,0.742,0.0116,87.6,87.6,265.3,1
518,raise_a_suilen,パスパレボリューションず☆,0.63524,0.2659,1.38541,5.5287,0.17305,0.774,0.5081,87.6,87.6,231.7,1
519,raise_a_suilen,えがおのオーケストラっ！,0.47785,0.652,2.00313,8.00078,0.2175,0.721,0.069,139.7,139.7,255.6,1
520,raise_a_suilen,Don't be afraid!,0.50496,0.7368,1.23002,4.89924,0.26331,0.7368,0.0,90.7,90.7,143.9,1
521,raise_a_suilen,ゆら・ゆらRing-Dong-Dance,0.64602,0.6613,1.27501,5.08986,0.25923,0.8843,0.223,86.1,86.1,294.9,1
522,raise_a_suilen,Hey-day狂騒曲(カプリチオ),0.67975,0.3278,1.28109,5.11194,0.2066,0.8308,0.503,79.5,79.5,241.2,1
523,raise_a_suilen,Scarlet Sky,0.69245,0.3016,1.44828,5.78093,0.18559,0.829,0.5274,90.7,90.7,246.5,1
524,raise_a_suilen,ゴーカ！ごーかい！？ファントムシーフ！,0.61592,0.6144,1.63366,6.52228,0.23062,0.797,0.1826,107.7,107.7,242.4,1
525,raise_a_suilen,R・I・O・T,0.53321,0.7766,1.01376,4.04605,0.25129,0.7766,0.0,69.8,69.8,334.4,1
526,raise_a_suilen,That Is How I Roll! (ライブ / アンコール),0.6397,0.8357,1.22968,4.90813,0.28109,0.8357,0.0,90.7,90.7,283.0,1
527,raise_a_suilen,R･I･O･T (ライブ / アンコール),0.59324,0.825,1.02269,4.08216,0.25706,0.825,0.0,69.8,69.8,348.1,1
528,raise_a_suilen,Apocalypse,0.71058,0.284,2.42676,9.69517,0.18453,0.837,0.553,152.0,152.0,252.6,1
529,raise_a_suilen,TWIN TALE,0.79232,0.2495,1.56322,6.23908,0.1762,0.889,0.6395,198.8,99.4,217.5,1
530,raise_a_suilen,STRAY CERBERUS,0.65099,0.6217,1.45256,5.79852,0.24974,0.8389,0.2172,90.7,90.7,256.1,1
531,raise_a_suilen,BERSER-KEY,0.63011,0.4556,1.82251,7.27706,0.22102,0.774,0.3184,120.2,120.2,231.0,1
532,raise_a_suilen,POLARIS,0.68052,0.2423,1.41016,5.6296,0.16245,0.7679,0.5256,92.3,92.3,271.6,1
533,raise_a_suilen,HOWLING AMBITION,0.83506,0.2446,2.16937,8.66589,0.17328,0.9344,0.6898,136.0,136.0,258.6,1
534,raise_a_suilen,VIVID FIRST TIME,0.80421,0.089,1.57391,6.28261,0.14855,0.869,0.78,99.4,99.4,230.0,1
535,raise_a_suilen,'FIGHT' ADDICT,0.86512,0.2733,1.481,5.91105,0.18548,0.967,0.6937,97.5,97.5,231.6,1
536,raise_a_suilen,Drown Out the Noise and Push Through the Trash,0.84415,0.5326,1.53704,6.13426,0.24343,1.0,0.4674,95.7,95.7,216.0,1
537,raise_a_suilen,FIVE as ONE,0.87271,0.2822,1.39498,5.56818,0.19662,0.978,0.6958,95.7,95.7,255.2,1
538,raise_a_suilen,EXPOSE 'Burn out!!!' (English),0.68699,0.3255,1.55093,6.19316,0.15556,0.8095,0.484,95.7,95.7,283.7,1
539,raise_a_suilen,Takin' my Heart (English),0.63976,0.4382,1.41053,5.63158,0.2071,0.8123,0.3741,92.3,92.3,285.0,1
540,raise_a_suilen,WELCOME TO PANDEMONIUM,0.86237,0.0822,1.66013,6.62873,0.14785,0.926,0.8438,101.3,101.3,254.8,1
541,raise_a_suilen,WHAT AN EXPLOSION,0.73696,0.2404,1.5034,5.9979,0.17307,0.8657,0.6253,95.7,95.7,190.9,1
542,raise_a_suilen,RUNAWAY STAR,0.74007,0.1798,1.6208,6.47007,0.13653,0.8252,0.6454,99.4,99.4,228.9,1
543,raise_a_suilen,Bad Kids All Bet,0.8435,0.1364,1.38037,5.50833,0.16463,0.914,0.7776,169.4,84.7,228.2,1
544,raise_a_suilen,Light a fire,0.60364,0.7154,1.89591,7.57249,0.2461,0.809,0.0936,139.7,139.7,269.0,1
545,raise_a_suilen,Embrace of light,0.57035,0.772,1.63603,6.53309,0.30284,0.858,0.086,101.3,101.3,272.0,1
546,raise_a_suilen,OUTSIDER RODEO,0.68525,0.2266,2.40803,9.62096,0.14498,0.7754,0.5488,147.7,147.7,269.1,1
547,raise_a_suilen,JUST THE WAY I AM,0.75094,0.173,1.44182,5.7557,0.16247,0.847,0.674,90.7,90.7,258.7,1
548,raise_a_suilen,ラスハピーポー！,0.67343,0.1968,1.56188,6.23253,0.15643,0.77,0.5732,97.5,97.5,200.4,1
549,raise_a_suilen,1/3の純情な感情 (Cover),0.64446,0.2592,1.11261,4.43697,0.17123,0.7674,0.5082,76.0,76.0,222.9,1
550,raise_a_suilen,ヒトリノ夜 (Cover),0.66982,0.1885,1.38772,5.53827,0.14261,0.759,0.5705,87.6,87.6,237.8,1
551,raise_a_suilen,激動 (Cover),0.5719,0.5707,1.86451,7.44904,0.21975,0.746,0.1753,112.3,112.3,333.6,1
552,raise_a_suilen,メギツネ (Cover),0.71291,0.151,2.27671,9.0949,0.18489,0.82,0.669,143.6,143.6,250.8,1
553,raise_a_suilen,Bling-Bang-Bang-Born (Cover),0.68326,0.263,2.26437,9.03972,0.1714,0.785,0.522,156.6,156.6,168.7,1
554,raise_a_suilen,第六感 (Cover),0.69561,0.3906,2.00724,8.01345,0.18113,0.823,0.4324,132.5,132.5,193.3,1
555,raise_a_suilen,革命道中 (Cover),0.68065,0.287,1.50353,5.99899,0.17037,0.826,0.539,94.0,94.0,198.2,1
556,raise_a_suilen,Get Wild (Cover),0.73245,0.281,2.07415,8.28156,0.20805,0.848,0.567,132.5,132.5,199.6,1
557,raise_a_suilen,ボッカデラべリタ (Cover),0.74889,0.1505,1.40238,5.59465,0.13669,0.829,0.6785,84.7,84.7,201.8,1
558,raise_a_suilen,第ゼロ感 (Cover),0.73564,0.5775,2.32687,9.29709,0.25036,0.876,0.2985,152.0,152.0,288.8,1
559,raise_a_suilen,劣等上等 (Cover),0.72537,0.2346,2.57697,10.29523,0.16538,0.8376,0.603,161.5,161.5,237.1,1
560,raise_a_suilen,Just Awake (Cover),0.70347,0.1942,1.56951,6.26457,0.15342,0.798,0.6038,95.7,95.7,223.0,1
561,raise_a_suilen,Keep the Heat and Fire Yourself Up (Cover),0.73239,0.2292,2.49757,9.9757,0.15883,0.832,0.6028,152.0,152.0,205.8,1
562,raise_a_suilen,ボッカデラベリタ (Cover),0.77432,0.1465,1.39604,5.56931,0.14003,0.853,0.7065,84.7,84.7,202.0,1
563,raise_a_suilen,VORACITY (Cover),0.68895,0.4946,1.64337,6.55904,0.2328,0.872,0.3774,99.4,99.4,207.5,1
564,raise_a_suilen,神っぽいな (Cover),0.72021,0.249,2.28585,9.12873,0.19936,0.857,0.608,143.6,143.6,204.3,1
565,raise_a_suilen,狂乱 Hey Kids!! (Cover),0.77212,0.2094,2.35294,9.39976,0.16641,0.87,0.6606,143.6,143.6,249.9,1
566,raise_a_suilen,SAVIOR OF SONG (Cover),0.67172,0.5199,1.49679,5.97512,0.22498,0.834,0.3141,95.7,95.7,249.2,1
567,raise_a_suilen,恋しさとせつなさと心強さと (Cover),0.66033,0.26,2.09414,8.36458,0.14998,0.804,0.544,129.2,129.2,250.7,1
568,raise_a_suilen,DEPARTURES (Cover),0.57733,0.5409,1.62511,6.49144,0.2116,0.8129,0.272,198.8,99.4,332.9,1
569,raise_a_suilen,CORE PRIDE (Cover),0.78805,0.0922,1.51244,6.0381,0.13415,0.846,0.7538,92.3,92.3,257.2,1
570,roselia,Neo-Aspect,0.77463,0.2246,1.81907,7.26651,0.14322,0.856,0.6314,120.2,120.2,307.3,1
571,roselia,BLACK SHOUT,0.61684,0.4512,1.30716,5.21651,0.21441,0.7977,0.3465,92.3,92.3,247.1,1
572,roselia,Opera of the wasteland,0.75418,0.3269,2.19101,8.75351,0.18669,0.873,0.5461,136.0,136.0,284.8,1
573,roselia,陽だまりロードナイト,0.538,0.1323,2.29814,9.18219,0.11256,0.6073,0.475,143.6,143.6,289.8,1
574,roselia,ONENESS,0.62671,0.313,1.35452,5.40552,0.15155,0.736,0.423,191.4,95.7,239.2,1
575,roselia,Re:birth day,0.61575,0.2882,1.30629,5.21399,0.17775,0.7664,0.4782,84.7,84.7,268.7,1
576,roselia,Legendary,0.73438,0.1259,2.37329,9.48288,0.10883,0.807,0.6811,143.6,143.6,292.0,1
577,roselia,- HEROIC ADVENT -,0.67303,0.1962,1.43629,5.73165,0.15368,0.768,0.5718,90.7,90.7,222.1,1
578,roselia,Determination Symphony,0.65815,0.2116,1.52536,6.09081,0.1461,0.739,0.5274,95.7,95.7,281.9,1
579,roselia,熱色スターマイン,0.65475,0.2374,1.36639,5.45487,0.16545,0.7702,0.5328,94.0,94.0,280.3,1
580,roselia,軌跡,0.51204,0.8359,0.8064,3.216,0.29114,0.8359,0.0,84.7,84.7,312.5,1
581,roselia,LOUDER,0.64112,0.3278,1.54487,6.16559,0.18546,0.772,0.4442,97.5,97.5,216.2,1
582,roselia,R,0.72909,0.4224,1.46863,5.864,0.19332,0.872,0.4496,94.0,94.0,285.3,1
583,roselia,BRAVE JEWEL,0.6634,0.5054,1.49899,5.98384,0.20727,0.792,0.2866,95.7,95.7,247.5,1
584,roselia,FIRE BIRD,0.23338,0.364,2.21205,8.83986,0.14747,0.364,0.0,152.0,152.0,360.3,1
585,roselia,Safe and Sound,0.72127,0.5572,1.3501,5.38878,0.21553,0.8514,0.2942,90.7,90.7,258.5,1
586,roselia,Avant-garde HISTORY,0.72419,0.153,1.21578,4.85332,0.13082,0.813,0.66,76.0,76.0,306.8,1
587,roselia,Break your desire,0.73145,0.2379,1.61056,6.43076,0.17091,0.8329,0.595,103.4,103.4,261.4,1
588,roselia,Neo-Aspect,0.74486,0.2318,1.80793,7.22204,0.15515,0.833,0.6012,120.2,120.2,310.3,1
589,roselia,約束,0.70981,0.2618,1.97308,7.88247,0.16596,0.811,0.5492,123.0,123.0,304.6,1
590,roselia,"""UNIONS"" Road",0.71324,0.2205,2.09505,8.37051,0.15676,0.831,0.6105,136.0,136.0,309.3,1
591,roselia,Song I am.,0.69069,0.4474,1.54163,6.15416,0.22462,0.818,0.3706,191.4,95.7,242.6,1
592,roselia,Sage der Rosen,0.70962,0.4933,1.19592,4.77143,0.23307,0.853,0.3597,79.5,79.5,245.0,1
593,roselia,覚悟のLiberation,0.72769,0.239,1.47623,5.8934,0.16954,0.832,0.593,92.3,92.3,260.8,1
594,roselia,Keep Heart,0.7329,0.184,1.49593,5.97154,0.15671,0.819,0.635,99.4,99.4,246.0,1
595,roselia,Original Call,0.65793,0.4322,2.66755,10.6569,0.20956,0.8079,0.3757,172.3,172.3,225.3,1
596,roselia,Always recall.,0.72008,0.4814,1.89457,7.56639,0.21669,0.8607,0.3793,123.0,123.0,252.3,1
597,roselia,Floral Haven,0.70341,0.5078,1.38702,5.53742,0.22874,0.8849,0.3771,95.7,95.7,281.9,1
598,roselia,Sprechchor,0.66908,0.5582,2.35161,9.39677,0.2369,0.838,0.2798,147.7,147.7,310.0,1
599,roselia,閃光,0.64073,0.2986,1.36322,5.43916,0.15743,0.746,0.4474,89.1,89.1,218.6,1
600,roselia,THE HISTORIC...,0.6487,0.3047,1.34169,5.35569,0.17803,0.7789,0.4742,87.6,87.6,271.3,1
601,roselia,ROZEN HORIZON,0.71101,0.3819,2.57774,10.30278,0.18163,0.839,0.4571,161.5,161.5,366.6,1
602,roselia,廻廻奇譚,0.71741,0.383,1.46926,5.86347,0.20047,0.865,0.482,92.3,92.3,221.2,1
603,roselia,鳥の詩,0.60103,0.3974,1.7741,7.088,0.19586,0.7482,0.3508,123.0,123.0,356.8,1
604,roselia,Synchrogazer,0.62203,0.2926,1.28984,5.14811,0.15432,0.732,0.4394,79.5,79.5,266.7,1
605,roselia,名前のない怪物,0.51397,0.6177,1.45038,5.79157,0.22093,0.727,0.1093,90.7,90.7,301.3,1
606,roselia,Dazzle the Destiny,0.78972,0.0818,1.52156,6.0738,0.14806,0.852,0.7702,191.4,95.7,241.2,1
607,roselia,Grateful Melting,0.65874,0.6175,1.83157,7.31247,0.25186,0.8485,0.231,120.2,120.2,217.3,1
608,roselia,Second to None,0.81631,0.1526,1.50193,5.99487,0.16353,0.905,0.7524,92.3,92.3,233.7,1
609,roselia,Steadfast Spirits,0.80522,0.156,1.54291,6.15829,0.16414,0.887,0.731,95.7,95.7,224.9,1
610,roselia,紫炎,0.77374,0.1177,1.52213,6.07498,0.14687,0.848,0.7303,95.7,95.7,221.4,1
611,roselia,XV,0.7696,0.384,1.55253,6.19736,0.18776,0.866,0.482,95.7,95.7,235.1,1
612,roselia,Blessing Chord,0.64896,0.204,2.36291,9.44084,0.13285,0.749,0.545,152.0,152.0,277.2,1
613,roselia,Fear Nothing,0.74763,0.1614,1.81659,7.25328,0.16213,0.8282,0.6668,114.8,114.8,229.0,1
614,roselia,PASSIONATE ANTHEM,0.73868,0.2555,1.55967,6.22634,0.16953,0.831,0.5755,97.5,97.5,243.0,1
615,roselia,Requiem for Fate,0.82553,0.2714,2.46225,9.83641,0.15898,0.924,0.6526,152.0,152.0,238.4,1
616,roselia,Sanctuary,0.72144,0.4512,1.87198,7.47829,0.2167,0.883,0.4318,120.2,120.2,310.9,1
617,roselia,Sunlit Musical,0.71278,0.3474,1.49074,5.95002,0.20129,0.837,0.4896,92.3,92.3,232.1,1
618,roselia,Talk to My Tone,0.68864,0.5169,2.11382,8.44309,0.23739,0.857,0.3401,139.7,139.7,246.0,1
619,roselia,一逢のFull Glory,0.63423,0.694,1.37694,5.49484,0.27356,0.854,0.16,99.4,99.4,232.4,1
620,roselia,礎の花冠,0.79872,0.3174,2.7987,11.18267,0.1777,0.908,0.5906,172.3,172.3,246.9,1
621,roselia,FRONTIER FANTASIA,0.76452,0.4569,1.39429,5.56571,0.21477,0.9317,0.4748,89.1,89.1,262.5,1
622,roselia,Dear Gleam,0.72945,0.3062,1.49112,5.95266,0.16767,0.857,0.5508,97.5,97.5,253.5,1
623,roselia,Call the shots,0.66088,0.1351,1.48888,5.94421,0.13724,0.739,0.6039,94.0,94.0,265.3,1
624,roselia,THRONE OF ROSE,0.78023,0.1587,2.61524,10.45134,0.13848,0.86,0.7013,161.5,161.5,312.4,1
625,roselia,VIOLET LINE,0.68139,0.4843,1.56863,6.26419,0.21473,0.835,0.3507,198.8,99.4,290.7,1
626,roselia,Ringing Bloom,0.70095,0.271,1.50194,5.99881,0.18981,0.814,0.543,97.5,97.5,334.9,1
627,roselia,ZEAL of proud,0.72824,0.165,1.5765,6.29523,0.13769,0.802,0.637,97.5,97.5,279.1,1
628,roselia,Singing “OURS”,0.45906,0.7288,1.13219,4.51929,0.26881,0.747,0.0182,126.0,126.0,316.2,1
629,roselia,競宴Red×Violet,0.61385,0.182,2.41366,9.64326,0.11604,0.707,0.525,147.7,147.7,263.5,1
630,roselia,overtuRe,0.7236,0.138,1.57313,6.28021,0.1324,0.807,0.669,95.7,95.7,244.1,1
631,roselia,Proud of oneself,0.67612,0.3848,1.41221,5.63613,0.17897,0.793,0.4082,191.4,95.7,235.8,1
632,roselia,Sing Alive,0.64871,0.5832,1.57578,6.2936,0.24768,0.819,0.2358,97.5,97.5,315.4,1
633,roselia,Swear ～Night & Day～,0.00029,0.0,1.64145,6.55592,0.00198,0.0,0.0,112.3,112.3,304.0,1
634,roselia,Reweave (Cover),0.75731,0.3434,1.43217,5.71609,0.20325,0.8664,0.523,184.6,92.3,238.1,1
635,roselia,ヒバナ -Reloaded- (Cover),0.7657,0.1905,1.61715,6.45397,0.14898,0.8539,0.6634,99.4,99.4,205.3,1
636,roselia,ファタール (Cover),0.75307,0.252,2.5317,10.11322,0.1606,0.861,0.609,156.6,156.6,220.8,1
637,roselia,HONEY (Cover),0.7307,0.3335,1.29174,5.15378,0.17124,0.857,0.5235,90.7,90.7,227.6,1
638,roselia,悪魔の子 (Cover),0.59899,0.8516,2.28873,9.14173,0.28515,0.8516,0.0,178.2,178.2,227.2,1
639,roselia,slash (Cover),0.63404,0.6136,2.33098,9.31149,0.24684,0.8128,0.1992,143.6,143.6,241.1,1
640,roselia,右肩の蝶 (Cover),0.71517,0.1499,2.2604,9.03074,0.14377,0.8019,0.652,139.7,139.7,276.5,1
641,roselia,乙女解剖 (Cover),0.76261,0.2802,1.03079,4.10977,0.18638,0.897,0.6168,67.1,67.1,224.1,1
642,roselia,六兆年と一夜物語 (Cover),0.61178,0.4028,1.37246,5.47597,0.21331,0.757,0.3542,92.3,92.3,216.4,1
643,roselia,残酷な天使のテーゼ (Cover),0.59199,0.3844,2.00535,8.00993,0.17194,0.742,0.3576,139.7,139.7,261.8,1
644,roselia,海色 (Cover),0.67,0.3616,1.54984,6.18769,0.18214,0.7978,0.4362,97.5,97.5,256.8,1
645,roselia,ETERNAL BLAZE (Cover),0.64156,0.314,2.27038,9.0718,0.16095,0.748,0.434,156.6,156.6,309.2,1
646,roselia,魂のルフラン (Cover),0.56411,0.5318,1.77365,7.08349,0.20711,0.7786,0.2468,129.2,129.2,269.5,1
647,roselia,This game (Cover),0.613,0.784,2.08745,8.33921,0.25644,0.784,0.0,147.7,147.7,283.6,1
648,roselia,スカイクラッドの観測者 (Cover),0.59653,0.7975,1.22717,4.89774,0.28221,0.7975,0.0,83.4,83.4,273.8,1
649,roselia,シャルル (Cover),0.67105,0.429,1.19518,4.76784,0.18493,0.811,0.382,72.8,72.8,232.6,1
650,roselia,新時代 (Cover),0.6405,0.4359,1.25772,5.01765,0.19513,0.785,0.3491,87.6,87.6,226.6,1
651,roselia,革命デュアリズム (Cover),0.734,0.1864,1.61331,6.44061,0.15706,0.8332,0.6468,103.4,103.4,237.4,1
652,roselia,Red fraction (Cover),0.70771,0.2859,2.18408,8.72139,0.17279,0.8227,0.5368,143.6,143.6,201.0,1
653,roselia,深愛 (Cover),0.65658,0.4462,2.21083,8.83236,0.20716,0.7856,0.3394,139.7,139.7,273.2,1
654,roselia,Paradisus‐Paradoxum (Cover),0.65415,0.3715,1.59433,6.36442,0.16816,0.7995,0.428,101.3,101.3,232.7,1
655,roselia,Realize (Cover),0.62668,0.5123,1.66193,6.63551,0.22071,0.801,0.2887,103.4,103.4,246.1,1
656,roselia,Preserved Roses (Cover),0.62815,0.2334,1.31054,5.22792,0.14924,0.7214,0.488,166.7,83.4,210.6,1
657,roselia,My Dearest (Cover),0.56583,0.4759,2.64313,10.56363,0.205,0.776,0.3001,166.7,166.7,337.1,1
658,roselia,Shangri-La (Cover),0.72212,0.3573,2.30544,9.20921,0.16447,0.848,0.4907,156.6,156.6,239.0,1
659,roselia,KING (Cover),0.6928,0.4651,1.30661,5.20416,0.20715,0.819,0.3539,83.4,83.4,134.7,1
